timestamp,container,cpu_percent,mem_usage,mem_percent,net_io,block_io
1789308815.4989917,aegis-control-plane,0.12%,67.25MiB / 3.748GiB,1.75%,4.55kB / 3.87kB,0B / 950kB
1789308815.4989917,aegis-enforcement-gateway,15.06%,63.32MiB / 3.748GiB,1.65%,2.77kB / 955B,0B / 0B
1789308815.4989917,aegis-credential-broker,0.13%,61.93MiB / 3.748GiB,1.61%,3.82kB / 252B,0B / 0B
1789308815.4989917,aegis-protected-tool,33.35%,63.08MiB / 3.748GiB,1.64%,120kB / 112kB,0B / 0B
1789308815.4989917,aegis-bench-runner,52.52%,23.22MiB / 3.748GiB,0.61%,53.3kB / 52.5kB,0B / 0B
1789308819.728001,aegis-control-plane,17.25%,67.14MiB / 3.748GiB,1.75%,4.55kB / 3.87kB,0B / 950kB
1789308819.728001,aegis-enforcement-gateway,0.18%,63.24MiB / 3.748GiB,1.65%,2.77kB / 955B,0B / 0B
1789308819.728001,aegis-credential-broker,0.14%,61.93MiB / 3.748GiB,1.61%,3.82kB / 252B,0B / 0B
1789308819.728001,aegis-protected-tool,59.65%,63.74MiB / 3.748GiB,1.66%,358kB / 338kB,0B / 0B
1789308819.728001,aegis-bench-runner,60.76%,21.73MiB / 3.748GiB,0.57%,342kB / 357kB,0B / 0B
1789308823.9904609,aegis-control-plane,0.18%,67.11MiB / 3.748GiB,1.75%,4.55kB / 3.87kB,0B / 950kB
1789308823.9904609,aegis-enforcement-gateway,0.11%,63.16MiB / 3.748GiB,1.65%,2.77kB / 955B,0B / 0B
1789308823.9904609,aegis-credential-broker,0.11%,61.81MiB / 3.748GiB,1.61%,3.82kB / 252B,0B / 0B
1789308823.9904609,aegis-protected-tool,22.56%,65.94MiB / 3.748GiB,1.72%,526kB / 494kB,0B / 0B
1789308823.9904609,aegis-bench-runner,66.48%,24.68MiB / 3.748GiB,0.64%,498kB / 525kB,0B / 0B
1789308828.247783,aegis-control-plane,0.14%,66.99MiB / 3.748GiB,1.75%,4.55kB / 3.87kB,0B / 950kB
1789308828.247783,aegis-enforcement-gateway,0.13%,63.06MiB / 3.748GiB,1.64%,2.77kB / 955B,0B / 0B
1789308828.247783,aegis-credential-broker,0.13%,61.81MiB / 3.748GiB,1.61%,3.82kB / 252B,0B / 147kB
1789308828.247783,aegis-protected-tool,20.23%,66.89MiB / 3.748GiB,1.74%,678kB / 628kB,0B / 135kB
1789308828.247783,aegis-bench-runner,71.51%,25.46MiB / 3.748GiB,0.66%,632kB / 676kB,0B / 0B
1789308832.4930642,aegis-control-plane,0.15%,67.5MiB / 3.748GiB,1.76%,4.55kB / 3.87kB,0B / 950kB
1789308832.4930642,aegis-enforcement-gateway,0.19%,62.99MiB / 3.748GiB,1.64%,2.77kB / 955B,0B / 0B
1789308832.4930642,aegis-credential-broker,0.16%,61.81MiB / 3.748GiB,1.61%,3.82kB / 252B,0B / 147kB
1789308832.4930642,aegis-protected-tool,1.38%,67.59MiB / 3.748GiB,1.76%,793kB / 723kB,0B / 135kB
1789308832.4930642,aegis-bench-runner,69.37%,2.254MiB / 3.748GiB,0.06%,722kB / 781kB,0B / 0B
1789308837.1092176,aegis-control-plane,44.12%,67.18MiB / 3.748GiB,1.75%,4.55kB / 3.87kB,0B / 950kB
1789308837.1092176,aegis-enforcement-gateway,0.12%,63.18MiB / 3.748GiB,1.65%,2.77kB / 955B,0B / 0B
1789308837.1092176,aegis-credential-broker,0.14%,61.81MiB / 3.748GiB,1.61%,3.82kB / 252B,0B / 147kB
1789308837.1092176,aegis-protected-tool,10.64%,68.52MiB / 3.748GiB,1.79%,908kB / 824kB,0B / 135kB
1789308837.1092176,aegis-bench-runner,55.20%,2.297MiB / 3.748GiB,0.06%,827kB / 907kB,0B / 0B
1789308841.3628223,aegis-control-plane,16.24%,67.16MiB / 3.748GiB,1.75%,4.55kB / 3.87kB,0B / 1.49MB
1789308841.3628223,aegis-enforcement-gateway,15.58%,63.18MiB / 3.748GiB,1.65%,2.77kB / 955B,0B / 0B
1789308841.3628223,aegis-credential-broker,0.16%,61.81MiB / 3.748GiB,1.61%,3.82kB / 252B,0B / 532kB
1789308841.3628223,aegis-protected-tool,5.98%,71.02MiB / 3.748GiB,1.85%,991kB / 896kB,0B / 532kB
1789308841.3628223,aegis-bench-runner,86.89%,27.4MiB / 3.748GiB,0.71%,892kB / 981kB,0B / 0B
1789308845.6737225,aegis-control-plane,0.14%,67.16MiB / 3.748GiB,1.75%,4.55kB / 3.87kB,0B / 1.52MB
1789308845.6737225,aegis-enforcement-gateway,15.23%,65.75MiB / 3.748GiB,1.71%,3.41kB / 1.2kB,0B / 565kB
1789308845.6737225,aegis-credential-broker,0.15%,61.81MiB / 3.748GiB,1.61%,3.82kB / 252B,0B / 532kB
1789308845.6737225,aegis-protected-tool,0.15%,70.72MiB / 3.748GiB,1.84%,1.05MB / 953kB,0B / 532kB
1789308845.6737225,aegis-bench-runner,70.20%,1.664MiB / 3.748GiB,0.04%,957kB / 1.05MB,0B / 73.7kB
1789308849.9581733,aegis-control-plane,0.15%,67.35MiB / 3.748GiB,1.76%,4.55kB / 3.87kB,0B / 3.16MB
1789308849.9581733,aegis-enforcement-gateway,51.29%,70.11MiB / 3.748GiB,1.83%,73.2kB / 171kB,0B / 2.62MB
1789308849.9581733,aegis-credential-broker,28.42%,73.46MiB / 3.748GiB,1.91%,158kB / 89.3kB,0B / 532kB
1789308849.9581733,aegis-protected-tool,7.13%,69.33MiB / 3.748GiB,1.81%,1.1MB / 993kB,0B / 532kB
1789308849.9581733,aegis-bench-runner,4.70%,22.96MiB / 3.748GiB,0.60%,995kB / 1.07MB,0B / 73.7kB
1789308854.223555,aegis-control-plane,0.13%,66.96MiB / 3.748GiB,1.74%,4.55kB / 3.87kB,0B / 4.64MB
1789308854.223555,aegis-enforcement-gateway,54.84%,70.5MiB / 3.748GiB,1.84%,149kB / 356kB,0B / 5.37MB
1789308854.223555,aegis-credential-broker,27.34%,74.38MiB / 3.748GiB,1.94%,326kB / 186kB,0B / 532kB
1789308854.223555,aegis-protected-tool,5.94%,68.94MiB / 3.748GiB,1.80%,1.16MB / 1.04MB,0B / 532kB
1789308854.223555,aegis-bench-runner,4.98%,22.83MiB / 3.748GiB,0.59%,1.06MB / 1.11MB,0B / 73.7kB
1789308858.508525,aegis-control-plane,0.15%,67.07MiB / 3.748GiB,1.75%,4.55kB / 3.87kB,0B / 4.64MB
1789308858.508525,aegis-enforcement-gateway,80.14%,70.65MiB / 3.748GiB,1.84%,206kB / 495kB,0B / 8.47MB
1789308858.508525,aegis-credential-broker,20.66%,74.05MiB / 3.748GiB,1.93%,488kB / 280kB,0B / 532kB
1789308858.508525,aegis-protected-tool,4.96%,68.89MiB / 3.748GiB,1.80%,1.21MB / 1.08MB,0B / 532kB
1789308858.508525,aegis-bench-runner,3.91%,23.16MiB / 3.748GiB,0.60%,1.13MB / 1.15MB,0B / 73.7kB
1789308862.7547035,aegis-control-plane,0.15%,66.98MiB / 3.748GiB,1.75%,4.55kB / 3.87kB,0B / 4.64MB
1789308862.7547035,aegis-enforcement-gateway,48.27%,72.6MiB / 3.748GiB,1.89%,288kB / 694kB,0B / 13.1MB
1789308862.7547035,aegis-credential-broker,16.71%,75.66MiB / 3.748GiB,1.97%,633kB / 363kB,0B / 532kB
1789308862.7547035,aegis-protected-tool,3.15%,69.02MiB / 3.748GiB,1.80%,1.25MB / 1.12MB,0B / 532kB
1789308862.7547035,aegis-bench-runner,8.88%,2.602MiB / 3.748GiB,0.07%,1.18MB / 1.17MB,0B / 73.7kB
1789308867.0016003,aegis-control-plane,16.66%,67.16MiB / 3.748GiB,1.75%,4.55kB / 3.87kB,0B / 4.64MB
1789308867.0016003,aegis-enforcement-gateway,95.74%,74.32MiB / 3.748GiB,1.94%,386kB / 931kB,0B / 18.9MB
1789308867.0016003,aegis-credential-broker,47.23%,79.53MiB / 3.748GiB,2.07%,848kB / 488kB,0B / 532kB
1789308867.0016003,aegis-protected-tool,9.01%,68.93MiB / 3.748GiB,1.80%,1.34MB / 1.19MB,0B / 532kB
1789308867.0016003,aegis-bench-runner,7.82%,22.82MiB / 3.748GiB,0.59%,1.28MB / 1.23MB,0B / 73.7kB
1789308871.2471712,aegis-control-plane,0.13%,67.16MiB / 3.748GiB,1.75%,4.55kB / 3.87kB,0B / 4.64MB
1789308871.2471712,aegis-enforcement-gateway,95.40%,74.43MiB / 3.748GiB,1.94%,540kB / 1.3MB,0B / 28.5MB
1789308871.2471712,aegis-credential-broker,47.71%,79.29MiB / 3.748GiB,2.07%,1.19MB / 685kB,0B / 532kB
1789308871.2471712,aegis-protected-tool,9.78%,68.88MiB / 3.748GiB,1.79%,1.43MB / 1.26MB,0B / 532kB
1789308871.2471712,aegis-bench-runner,7.90%,22.95MiB / 3.748GiB,0.60%,1.36MB / 1.27MB,0B / 73.7kB
1789308875.7320764,aegis-control-plane,0.21%,67.08MiB / 3.748GiB,1.75%,4.55kB / 3.87kB,0B / 4.64MB
1789308875.7320764,aegis-enforcement-gateway,111.00%,80.91MiB / 3.748GiB,2.11%,593kB / 1.43MB,0B / 31.5MB
1789308875.7320764,aegis-credential-broker,54.69%,79.46MiB / 3.748GiB,2.07%,1.35MB / 775kB,0B / 532kB
1789308875.7320764,aegis-protected-tool,11.85%,68.85MiB / 3.748GiB,1.79%,1.48MB / 1.3MB,0B / 532kB
1789308875.7320764,aegis-bench-runner,10.23%,22.79MiB / 3.748GiB,0.59%,1.44MB / 1.31MB,0B / 73.7kB
1789308880.0590901,aegis-control-plane,0.16%,67.26MiB / 3.748GiB,1.75%,4.55kB / 3.87kB,0B / 4.64MB
1789308880.0590901,aegis-enforcement-gateway,131.00%,82.45MiB / 3.748GiB,2.15%,713kB / 1.72MB,0B / 38.5MB
1789308880.0590901,aegis-credential-broker,54.10%,79.55MiB / 3.748GiB,2.07%,1.5MB / 864kB,0B / 532kB
1789308880.0590901,aegis-protected-tool,10.57%,69.21MiB / 3.748GiB,1.80%,1.55MB / 1.36MB,0B / 532kB
1789308880.0590901,aegis-bench-runner,9.39%,23.29MiB / 3.748GiB,0.61%,1.52MB / 1.36MB,0B / 73.7kB
1789308884.321578,aegis-control-plane,0.14%,67.06MiB / 3.748GiB,1.75%,4.55kB / 3.87kB,0B / 4.64MB
1789308884.321578,aegis-enforcement-gateway,111.59%,83.4MiB / 3.748GiB,2.17%,823kB / 1.99MB,0B / 45.7MB
1789308884.321578,aegis-credential-broker,55.45%,79.59MiB / 3.748GiB,2.07%,1.81MB / 1.05MB,0B / 532kB
1789308884.321578,aegis-protected-tool,10.48%,68.8MiB / 3.748GiB,1.79%,1.63MB / 1.42MB,0B / 532kB
1789308884.321578,aegis-bench-runner,9.78%,23.3MiB / 3.748GiB,0.61%,1.58MB / 1.39MB,0B / 73.7kB
1789308888.5885005,aegis-control-plane,1.05%,68.79MiB / 3.748GiB,1.79%,4.55kB / 3.87kB,0B / 4.64MB
1789308888.5885005,aegis-enforcement-gateway,160.88%,92.31MiB / 3.748GiB,2.41%,903kB / 2.17MB,0B / 49.9MB
1789308888.5885005,aegis-credential-broker,53.93%,79.03MiB / 3.748GiB,2.06%,1.97MB / 1.14MB,0B / 532kB
1789308888.5885005,aegis-protected-tool,11.41%,69MiB / 3.748GiB,1.80%,1.68MB / 1.46MB,0B / 532kB
1789308888.5885005,aegis-bench-runner,10.01%,23.25MiB / 3.748GiB,0.61%,1.67MB / 1.44MB,0B / 73.7kB
1789308892.866693,aegis-control-plane,0.14%,67.18MiB / 3.748GiB,1.75%,4.55kB / 3.87kB,0B / 4.64MB
1789308892.866693,aegis-enforcement-gateway,141.06%,94.05MiB / 3.748GiB,2.45%,1.02MB / 2.47MB,0B / 57.7MB
1789308892.866693,aegis-credential-broker,56.64%,79.73MiB / 3.748GiB,2.08%,2.24MB / 1.29MB,0B / 532kB
1789308892.866693,aegis-protected-tool,10.98%,68.81MiB / 3.748GiB,1.79%,1.77MB / 1.53MB,0B / 532kB
1789308892.866693,aegis-bench-runner,10.92%,23.5MiB / 3.748GiB,0.61%,1.77MB / 1.49MB,0B / 73.7kB
1789308897.1402597,aegis-control-plane,0.23%,67.11MiB / 3.748GiB,1.75%,4.55kB / 3.87kB,0B / 4.64MB
1789308897.1402597,aegis-enforcement-gateway,67.24%,103.5MiB / 3.748GiB,2.70%,1.12MB / 2.69MB,0B / 63.3MB
1789308897.1402597,aegis-credential-broker,27.62%,88.92MiB / 3.748GiB,2.32%,2.42MB / 1.4MB,0B / 532kB
1789308897.1402597,aegis-protected-tool,2.67%,69.18MiB / 3.748GiB,1.80%,1.83MB / 1.59MB,0B / 532kB
1789308897.1402597,aegis-bench-runner,35.19%,23.91MiB / 3.748GiB,0.62%,1.84MB / 1.54MB,0B / 73.7kB
1789308901.7714293,aegis-control-plane,0.19%,67.01MiB / 3.748GiB,1.75%,4.55kB / 3.87kB,0B / 4.64MB
1789308901.7714293,aegis-enforcement-gateway,128.61%,110.2MiB / 3.748GiB,2.87%,1.17MB / 2.8MB,0B / 65.9MB
1789308901.7714293,aegis-credential-broker,59.18%,91.39MiB / 3.748GiB,2.38%,2.54MB / 1.46MB,0B / 532kB
1789308901.7714293,aegis-protected-tool,9.01%,68.88MiB / 3.748GiB,1.79%,1.86MB / 1.61MB,0B / 532kB
1789308901.7714293,aegis-bench-runner,48.81%,23.52MiB / 3.748GiB,0.61%,1.87MB / 1.55MB,0B / 73.7kB
1789308906.5033052,aegis-control-plane,0.58%,67.53MiB / 3.748GiB,1.76%,4.55kB / 3.87kB,0B / 4.64MB
1789308906.5033052,aegis-enforcement-gateway,143.49%,115.1MiB / 3.748GiB,3.00%,1.23MB / 2.94MB,0B / 69.4MB
1789308906.5033052,aegis-credential-broker,54.03%,91.33MiB / 3.748GiB,2.38%,2.66MB / 1.54MB,0B / 532kB
1789308906.5033052,aegis-protected-tool,10.72%,69.28MiB / 3.748GiB,1.81%,1.9MB / 1.64MB,0B / 532kB
1789308906.5033052,aegis-bench-runner,8.06%,24.62MiB / 3.748GiB,0.64%,1.91MB / 1.58MB,0B / 73.7kB
1789308910.8056362,aegis-control-plane,23.84%,67.6MiB / 3.748GiB,1.76%,4.55kB / 3.87kB,0B / 4.64MB
1789308910.8056362,aegis-enforcement-gateway,156.80%,116.2MiB / 3.748GiB,3.03%,1.33MB / 3.18MB,0B / 75.9MB
1789308910.8056362,aegis-credential-broker,57.58%,91.05MiB / 3.748GiB,2.37%,2.88MB / 1.66MB,0B / 532kB
1789308910.8056362,aegis-protected-tool,10.56%,68.67MiB / 3.748GiB,1.79%,1.97MB / 1.7MB,0B / 532kB
1789308910.8056362,aegis-bench-runner,9.87%,24.26MiB / 3.748GiB,0.63%,2MB / 1.63MB,0B / 73.7kB
1789308915.0629175,aegis-control-plane,18.69%,67.18MiB / 3.748GiB,1.75%,4.55kB / 3.87kB,0B / 4.64MB
1789308915.0629175,aegis-enforcement-gateway,57.84%,122.9MiB / 3.748GiB,3.20%,1.42MB / 3.35MB,0B / 79.7MB
1789308915.0629175,aegis-credential-broker,14.43%,89.86MiB / 3.748GiB,2.34%,3.03MB / 1.75MB,0B / 532kB
1789308915.0629175,aegis-protected-tool,1.29%,68.81MiB / 3.748GiB,1.79%,2.01MB / 1.74MB,0B / 532kB
1789308915.0629175,aegis-bench-runner,46.64%,25.56MiB / 3.748GiB,0.67%,2.06MB / 1.68MB,0B / 73.7kB
1789308919.5671093,aegis-control-plane,0.16%,67.17MiB / 3.748GiB,1.75%,4.55kB / 3.87kB,0B / 4.64MB
1789308919.5671093,aegis-enforcement-gateway,102.10%,137.6MiB / 3.748GiB,3.59%,1.48MB / 3.51MB,0B / 83.6MB
1789308919.5671093,aegis-credential-broker,27.84%,90.57MiB / 3.748GiB,2.36%,3.18MB / 1.83MB,0B / 532kB
1789308919.5671093,aegis-protected-tool,5.63%,69.04MiB / 3.748GiB,1.80%,2.06MB / 1.78MB,0B / 532kB
1789308919.5671093,aegis-bench-runner,13.99%,24.87MiB / 3.748GiB,0.65%,2.11MB / 1.69MB,0B / 73.7kB
1789308923.8075027,aegis-control-plane,0.13%,67MiB / 3.748GiB,1.75%,4.55kB / 3.87kB,0B / 4.64MB
1789308923.8075027,aegis-enforcement-gateway,123.13%,142.4MiB / 3.748GiB,3.71%,1.58MB / 3.71MB,0B / 88.5MB
1789308923.8075027,aegis-credential-broker,49.61%,89.77MiB / 3.748GiB,2.34%,3.35MB / 1.93MB,0B / 532kB
1789308923.8075027,aegis-protected-tool,11.43%,69.2MiB / 3.748GiB,1.80%,2.14MB / 1.84MB,0B / 532kB
1789308923.8075027,aegis-bench-runner,11.94%,25.49MiB / 3.748GiB,0.66%,2.21MB / 1.77MB,0B / 73.7kB
1789308928.0729287,aegis-control-plane,0.14%,67.41MiB / 3.748GiB,1.76%,4.55kB / 3.87kB,0B / 4.64MB
1789308928.0729287,aegis-enforcement-gateway,52.13%,150.6MiB / 3.748GiB,3.93%,1.72MB / 4.09MB,0B / 97.9MB
1789308928.0729287,aegis-credential-broker,59.86%,90.29MiB / 3.748GiB,2.35%,3.66MB / 2.11MB,0B / 532kB
1789308928.0729287,aegis-protected-tool,5.35%,69.14MiB / 3.748GiB,1.80%,2.23MB / 1.91MB,0B / 532kB
1789308928.0729287,aegis-bench-runner,11.40%,2.254MiB / 3.748GiB,0.06%,2.31MB / 1.81MB,0B / 73.7kB
1789308932.2864878,aegis-control-plane,0.14%,67.32MiB / 3.748GiB,1.75%,4.55kB / 3.87kB,0B / 4.64MB
1789308932.2864878,aegis-enforcement-gateway,8.84%,160.6MiB / 3.748GiB,4.19%,1.77MB / 4.11MB,0B / 97.9MB
1789308932.2864878,aegis-credential-broker,0.14%,90.01MiB / 3.748GiB,2.35%,3.7MB / 2.13MB,0B / 532kB
1789308932.2864878,aegis-protected-tool,0.14%,69.14MiB / 3.748GiB,1.80%,2.23MB / 1.91MB,0B / 532kB
1789308932.2864878,aegis-bench-runner,0.00%,25.96MiB / 3.748GiB,0.68%,2.33MB / 1.86MB,0B / 73.7kB
1789308936.5045133,aegis-control-plane,15.02%,67.55MiB / 3.748GiB,1.76%,4.55kB / 3.87kB,0B / 4.64MB
1789308936.5045133,aegis-enforcement-gateway,0.18%,151.5MiB / 3.748GiB,3.95%,1.77MB / 4.11MB,0B / 97.9MB
1789308936.5045133,aegis-credential-broker,0.14%,90.01MiB / 3.748GiB,2.35%,3.7MB / 2.13MB,0B / 532kB
1789308936.5045133,aegis-protected-tool,0.16%,69.14MiB / 3.748GiB,1.80%,2.23MB / 1.91MB,0B / 532kB
1789308936.5045133,aegis-bench-runner,0.00%,25.96MiB / 3.748GiB,0.68%,2.33MB / 1.86MB,0B / 73.7kB
1789308940.7398517,aegis-control-plane,11.82%,67.72MiB / 3.748GiB,1.76%,4.55kB / 3.87kB,0B / 4.64MB
1789308940.7398517,aegis-enforcement-gateway,0.15%,160.6MiB / 3.748GiB,4.18%,1.77MB / 4.11MB,0B / 97.9MB
1789308940.7398517,aegis-credential-broker,0.16%,90.01MiB / 3.748GiB,2.35%,3.7MB / 2.13MB,0B / 532kB
1789308940.7398517,aegis-protected-tool,0.14%,69.14MiB / 3.748GiB,1.80%,2.23MB / 1.91MB,0B / 532kB
1789308940.7398517,aegis-bench-runner,0.00%,25.96MiB / 3.748GiB,0.68%,2.33MB / 1.86MB,0B / 73.7kB
1789308944.9629707,aegis-control-plane,0.14%,67.58MiB / 3.748GiB,1.76%,4.55kB / 3.87kB,0B / 4.64MB
1789308944.9629707,aegis-enforcement-gateway,10.14%,154.8MiB / 3.748GiB,4.03%,1.82MB / 4.13MB,0B / 97.9MB
1789308944.9629707,aegis-credential-broker,0.13%,90.01MiB / 3.748GiB,2.35%,3.7MB / 2.13MB,0B / 532kB
1789308944.9629707,aegis-protected-tool,0.13%,69.14MiB / 3.748GiB,1.80%,2.23MB / 1.91MB,0B / 532kB
1789308944.9629707,aegis-bench-runner,1.80%,26.21MiB / 3.748GiB,0.68%,2.33MB / 1.86MB,0B / 73.7kB
1789308949.1853044,aegis-control-plane,0.16%,67.09MiB / 3.748GiB,1.75%,4.55kB / 3.87kB,0B / 4.64MB
1789308949.1853044,aegis-enforcement-gateway,0.18%,164.2MiB / 3.748GiB,4.28%,1.82MB / 4.13MB,0B / 97.9MB
1789308949.1853044,aegis-credential-broker,0.16%,90.01MiB / 3.748GiB,2.35%,3.7MB / 2.13MB,0B / 532kB
1789308949.1853044,aegis-protected-tool,0.18%,69.14MiB / 3.748GiB,1.80%,2.23MB / 1.91MB,0B / 532kB
1789308949.1853044,aegis-bench-runner,0.00%,26.44MiB / 3.748GiB,0.69%,2.35MB / 1.91MB,0B / 73.7kB
1789308953.4318342,aegis-control-plane,0.15%,67.36MiB / 3.748GiB,1.76%,4.55kB / 3.87kB,0B / 4.64MB
1789308953.4318342,aegis-enforcement-gateway,0.21%,155MiB / 3.748GiB,4.04%,1.82MB / 4.13MB,0B / 97.9MB
1789308953.4318342,aegis-credential-broker,0.20%,90.01MiB / 3.748GiB,2.35%,3.7MB / 2.13MB,0B / 532kB
1789308953.4318342,aegis-protected-tool,0.24%,69.14MiB / 3.748GiB,1.80%,2.23MB / 1.91MB,0B / 532kB
1789308953.4318342,aegis-bench-runner,0.00%,26.44MiB / 3.748GiB,0.69%,2.35MB / 1.91MB,0B / 73.7kB
1789308957.7198372,aegis-control-plane,0.12%,66.89MiB / 3.748GiB,1.74%,4.55kB / 3.87kB,0B / 4.64MB
1789308957.7198372,aegis-enforcement-gateway,0.14%,164.1MiB / 3.748GiB,4.28%,1.82MB / 4.13MB,0B / 97.9MB
1789308957.7198372,aegis-credential-broker,0.14%,90.01MiB / 3.748GiB,2.35%,3.7MB / 2.13MB,0B / 532kB
1789308957.7198372,aegis-protected-tool,0.14%,69.14MiB / 3.748GiB,1.80%,2.23MB / 1.91MB,0B / 532kB
1789308957.7198372,aegis-bench-runner,0.00%,26.44MiB / 3.748GiB,0.69%,2.35MB / 1.91MB,0B / 73.7kB
1789308961.9691124,aegis-control-plane,0.12%,66.82MiB / 3.748GiB,1.74%,4.55kB / 3.87kB,0B / 4.64MB
1789308961.9691124,aegis-enforcement-gateway,0.15%,162MiB / 3.748GiB,4.22%,1.86MB / 4.17MB,238kB / 99MB
1789308961.9691124,aegis-credential-broker,0.13%,90MiB / 3.748GiB,2.35%,3.74MB / 2.16MB,0B / 532kB
1789308961.9691124,aegis-protected-tool,1.75%,68.86MiB / 3.748GiB,1.79%,2.24MB / 1.92MB,0B / 532kB
1789308961.9691124,aegis-bench-runner,0.00%,26.18MiB / 3.748GiB,0.68%,2.36MB / 1.94MB,0B / 73.7kB
1789308966.1914136,aegis-control-plane,0.14%,67.54MiB / 3.748GiB,1.76%,4.55kB / 3.87kB,0B / 4.64MB
1789308966.1914136,aegis-enforcement-gateway,0.13%,171.6MiB / 3.748GiB,4.47%,1.86MB / 4.17MB,238kB / 99MB
1789308966.1914136,aegis-credential-broker,0.13%,90MiB / 3.748GiB,2.35%,3.74MB / 2.16MB,0B / 532kB
1789308966.1914136,aegis-protected-tool,0.13%,68.86MiB / 3.748GiB,1.79%,2.24MB / 1.92MB,0B / 532kB
1789308966.1914136,aegis-bench-runner,0.00%,26.18MiB / 3.748GiB,0.68%,2.36MB / 1.94MB,0B / 73.7kB
1789308970.4352303,aegis-control-plane,0.15%,67.67MiB / 3.748GiB,1.76%,4.55kB / 3.87kB,0B / 4.64MB
1789308970.4352303,aegis-enforcement-gateway,0.19%,162.6MiB / 3.748GiB,4.24%,1.86MB / 4.17MB,238kB / 99MB
1789308970.4352303,aegis-credential-broker,0.22%,90MiB / 3.748GiB,2.35%,3.74MB / 2.16MB,0B / 532kB
1789308970.4352303,aegis-protected-tool,0.20%,68.86MiB / 3.748GiB,1.79%,2.24MB / 1.92MB,0B / 532kB
1789308970.4352303,aegis-bench-runner,0.00%,26.18MiB / 3.748GiB,0.68%,2.36MB / 1.94MB,0B / 73.7kB
1789308974.7387662,aegis-control-plane,0.21%,67.45MiB / 3.748GiB,1.76%,4.55kB / 3.87kB,0B / 4.64MB
1789308974.7387662,aegis-enforcement-gateway,0.19%,171.7MiB / 3.748GiB,4.47%,1.86MB / 4.17MB,238kB / 99MB
1789308974.7387662,aegis-credential-broker,0.20%,90MiB / 3.748GiB,2.35%,3.74MB / 2.16MB,0B / 532kB
1789308974.7387662,aegis-protected-tool,0.20%,68.86MiB / 3.748GiB,1.79%,2.24MB / 1.92MB,0B / 532kB
1789308974.7387662,aegis-bench-runner,10.73%,2.453MiB / 3.748GiB,0.06%,2.36MB / 1.94MB,0B / 73.7kB
1789308979.0501602,aegis-control-plane,0.24%,67.79MiB / 3.748GiB,1.77%,4.55kB / 3.87kB,0B / 4.64MB
1789308979.0501602,aegis-enforcement-gateway,0.18%,164.7MiB / 3.748GiB,4.29%,1.92MB / 4.19MB,238kB / 99MB
1789308979.0501602,aegis-credential-broker,0.20%,90MiB / 3.748GiB,2.35%,3.74MB / 2.16MB,0B / 532kB
1789308979.0501602,aegis-protected-tool,0.22%,68.86MiB / 3.748GiB,1.79%,2.24MB / 1.92MB,0B / 532kB
1789308979.0501602,aegis-bench-runner,0.00%,27.23MiB / 3.748GiB,0.71%,2.38MB / 2MB,0B / 73.7kB
1789308983.331111,aegis-control-plane,0.14%,67.93MiB / 3.748GiB,1.77%,4.55kB / 3.87kB,0B / 4.64MB
1789308983.331111,aegis-enforcement-gateway,0.16%,174MiB / 3.748GiB,4.53%,1.92MB / 4.19MB,238kB / 99MB
1789308983.331111,aegis-credential-broker,0.14%,89.75MiB / 3.748GiB,2.34%,3.74MB / 2.16MB,0B / 532kB
1789308983.331111,aegis-protected-tool,0.12%,68.86MiB / 3.748GiB,1.79%,2.24MB / 1.92MB,0B / 532kB
1789308983.331111,aegis-bench-runner,0.00%,27.23MiB / 3.748GiB,0.71%,2.38MB / 2MB,0B / 73.7kB
1789308987.5517044,aegis-control-plane,0.14%,67.82MiB / 3.748GiB,1.77%,4.55kB / 3.87kB,0B / 4.64MB
1789308987.5517044,aegis-enforcement-gateway,0.13%,164.8MiB / 3.748GiB,4.29%,1.92MB / 4.19MB,238kB / 99MB
1789308987.5517044,aegis-credential-broker,0.17%,89.49MiB / 3.748GiB,2.33%,3.74MB / 2.16MB,0B / 532kB
1789308987.5517044,aegis-protected-tool,0.16%,68.86MiB / 3.748GiB,1.79%,2.24MB / 1.92MB,0B / 532kB
1789308987.5517044,aegis-bench-runner,0.00%,27.23MiB / 3.748GiB,0.71%,2.38MB / 2MB,0B / 73.7kB
1789308991.7698603,aegis-control-plane,0.13%,67.57MiB / 3.748GiB,1.76%,4.55kB / 3.87kB,0B / 4.64MB
1789308991.7698603,aegis-enforcement-gateway,1.19%,163.2MiB / 3.748GiB,4.25%,1.93MB / 4.2MB,238kB / 99MB
1789308991.7698603,aegis-credential-broker,0.12%,89.49MiB / 3.748GiB,2.33%,3.74MB / 2.16MB,0B / 532kB
1789308991.7698603,aegis-protected-tool,0.15%,68.86MiB / 3.748GiB,1.79%,2.24MB / 1.92MB,0B / 532kB
1789308991.7698603,aegis-bench-runner,4.67%,26.97MiB / 3.748GiB,0.70%,2.39MB / 2.01MB,0B / 73.7kB
1789308995.990303,aegis-control-plane,0.15%,67.39MiB / 3.748GiB,1.76%,4.55kB / 3.87kB,0B / 4.64MB
1789308995.990303,aegis-enforcement-gateway,10.68%,176.9MiB / 3.748GiB,4.61%,1.99MB / 4.22MB,238kB / 99MB
1789308995.990303,aegis-credential-broker,0.14%,89.49MiB / 3.748GiB,2.33%,3.74MB / 2.16MB,0B / 532kB
1789308995.990303,aegis-protected-tool,0.15%,68.86MiB / 3.748GiB,1.79%,2.24MB / 1.92MB,0B / 532kB
1789308995.990303,aegis-bench-runner,0.00%,27.2MiB / 3.748GiB,0.71%,2.41MB / 2.07MB,0B / 73.7kB
1789309000.2883317,aegis-control-plane,0.22%,67.35MiB / 3.748GiB,1.75%,4.55kB / 3.87kB,0B / 4.64MB
1789309000.2883317,aegis-enforcement-gateway,0.20%,167.4MiB / 3.748GiB,4.36%,1.99MB / 4.22MB,238kB / 99MB
1789309000.2883317,aegis-credential-broker,0.20%,89.49MiB / 3.748GiB,2.33%,3.74MB / 2.16MB,0B / 532kB
1789309000.2883317,aegis-protected-tool,0.20%,68.86MiB / 3.748GiB,1.79%,2.24MB / 1.92MB,0B / 532kB
1789309000.2883317,aegis-bench-runner,0.00%,27.2MiB / 3.748GiB,0.71%,2.41MB / 2.07MB,0B / 73.7kB
1789309004.5131588,aegis-control-plane,0.14%,67.18MiB / 3.748GiB,1.75%,4.55kB / 3.87kB,0B / 4.64MB
1789309004.5131588,aegis-enforcement-gateway,0.14%,167.4MiB / 3.748GiB,4.36%,1.99MB / 4.22MB,238kB / 99MB
1789309004.5131588,aegis-credential-broker,0.14%,89.49MiB / 3.748GiB,2.33%,3.74MB / 2.16MB,0B / 532kB
1789309004.5131588,aegis-protected-tool,0.14%,68.86MiB / 3.748GiB,1.79%,2.24MB / 1.92MB,0B / 532kB
1789309004.5131588,aegis-bench-runner,0.00%,27.2MiB / 3.748GiB,0.71%,2.41MB / 2.07MB,0B / 73.7kB
1789309008.733425,aegis-control-plane,17.68%,67.31MiB / 3.748GiB,1.75%,4.55kB / 3.87kB,0B / 4.64MB
1789309008.733425,aegis-enforcement-gateway,0.29%,166.7MiB / 3.748GiB,4.34%,2.01MB / 4.23MB,238kB / 99MB
1789309008.733425,aegis-credential-broker,0.13%,89.49MiB / 3.748GiB,2.33%,3.74MB / 2.16MB,0B / 532kB
1789309008.733425,aegis-protected-tool,0.13%,68.86MiB / 3.748GiB,1.79%,2.24MB / 1.92MB,0B / 532kB
1789309008.733425,aegis-bench-runner,26.06%,22.3MiB / 3.748GiB,0.58%,2.42MB / 2.09MB,0B / 73.7kB
1789309012.9499018,aegis-control-plane,0.13%,67.31MiB / 3.748GiB,1.75%,4.55kB / 3.87kB,0B / 4.64MB
1789309012.9499018,aegis-enforcement-gateway,10.41%,176.1MiB / 3.748GiB,4.59%,2.01MB / 4.23MB,238kB / 99MB
1789309012.9499018,aegis-credential-broker,0.13%,89.49MiB / 3.748GiB,2.33%,3.74MB / 2.16MB,0B / 532kB
1789309012.9499018,aegis-protected-tool,0.16%,68.86MiB / 3.748GiB,1.79%,2.24MB / 1.92MB,0B / 532kB
1789309012.9499018,aegis-bench-runner,0.00%,22.22MiB / 3.748GiB,0.58%,2.42MB / 2.09MB,0B / 73.7kB
1789309017.2205489,aegis-control-plane,0.17%,67.39MiB / 3.748GiB,1.76%,4.55kB / 3.87kB,0B / 4.64MB
1789309017.2205489,aegis-enforcement-gateway,0.16%,166.9MiB / 3.748GiB,4.35%,2.01MB / 4.23MB,238kB / 99MB
1789309017.2205489,aegis-credential-broker,0.15%,89.49MiB / 3.748GiB,2.33%,3.74MB / 2.16MB,0B / 532kB
1789309017.2205489,aegis-protected-tool,0.14%,68.86MiB / 3.748GiB,1.79%,2.24MB / 1.92MB,0B / 532kB
1789309017.2205489,aegis-bench-runner,0.00%,22.22MiB / 3.748GiB,0.58%,2.42MB / 2.09MB,0B / 73.7kB
1789309021.4612782,aegis-control-plane,0.12%,67.21MiB / 3.748GiB,1.75%,4.55kB / 3.87kB,0B / 4.64MB
1789309021.4612782,aegis-enforcement-gateway,0.14%,177.5MiB / 3.748GiB,4.62%,2.02MB / 4.26MB,238kB / 100MB
1789309021.4612782,aegis-credential-broker,0.14%,89.68MiB / 3.748GiB,2.34%,3.78MB / 2.18MB,0B / 532kB
1789309021.4612782,aegis-protected-tool,0.13%,69.11MiB / 3.748GiB,1.80%,2.25MB / 1.93MB,0B / 532kB
1789309021.4612782,aegis-bench-runner,0.00%,22.22MiB / 3.748GiB,0.58%,2.42MB / 2.09MB,0B / 73.7kB
1789309025.673477,aegis-control-plane,0.12%,67.48MiB / 3.748GiB,1.76%,4.55kB / 3.87kB,0B / 4.64MB
1789309025.673477,aegis-enforcement-gateway,0.15%,168.3MiB / 3.748GiB,4.39%,2.02MB / 4.26MB,238kB / 100MB
1789309025.673477,aegis-credential-broker,0.15%,89.68MiB / 3.748GiB,2.34%,3.78MB / 2.18MB,0B / 532kB
1789309025.673477,aegis-protected-tool,0.13%,69.11MiB / 3.748GiB,1.80%,2.25MB / 1.93MB,0B / 532kB
1789309025.673477,aegis-bench-runner,0.00%,22.22MiB / 3.748GiB,0.58%,2.42MB / 2.09MB,0B / 73.7kB
1789309029.8913412,aegis-control-plane,11.28%,67.59MiB / 3.748GiB,1.76%,4.55kB / 3.87kB,0B / 4.64MB
1789309029.8913412,aegis-enforcement-gateway,10.58%,177.4MiB / 3.748GiB,4.62%,2.02MB / 4.26MB,238kB / 100MB
1789309029.8913412,aegis-credential-broker,0.16%,89.68MiB / 3.748GiB,2.34%,3.78MB / 2.18MB,0B / 532kB
1789309029.8913412,aegis-protected-tool,0.14%,69.11MiB / 3.748GiB,1.80%,2.25MB / 1.93MB,0B / 532kB
1789309029.8913412,aegis-bench-runner,0.00%,22.22MiB / 3.748GiB,0.58%,2.42MB / 2.09MB,0B / 73.7kB
1789309034.1116211,aegis-control-plane,11.55%,67.84MiB / 3.748GiB,1.77%,4.55kB / 3.87kB,0B / 4.64MB
1789309034.1116211,aegis-enforcement-gateway,0.13%,168.5MiB / 3.748GiB,4.39%,2.02MB / 4.26MB,238kB / 100MB
1789309034.1116211,aegis-credential-broker,0.17%,89.68MiB / 3.748GiB,2.34%,3.78MB / 2.18MB,0B / 532kB
1789309034.1116211,aegis-protected-tool,0.13%,69.11MiB / 3.748GiB,1.80%,2.25MB / 1.93MB,0B / 532kB
1789309034.1116211,aegis-bench-runner,0.00%,22.22MiB / 3.748GiB,0.58%,2.42MB / 2.09MB,0B / 73.7kB
1789309038.35262,aegis-control-plane,0.12%,67.71MiB / 3.748GiB,1.76%,4.55kB / 3.87kB,0B / 4.64MB
1789309038.35262,aegis-enforcement-gateway,0.32%,177.6MiB / 3.748GiB,4.63%,2.02MB / 4.26MB,238kB / 100MB
1789309038.35262,aegis-credential-broker,0.14%,89.68MiB / 3.748GiB,2.34%,3.78MB / 2.18MB,0B / 532kB
1789309038.35262,aegis-protected-tool,0.13%,69.11MiB / 3.748GiB,1.80%,2.25MB / 1.93MB,0B / 532kB
1789309038.35262,aegis-bench-runner,0.43%,22.47MiB / 3.748GiB,0.59%,2.42MB / 2.09MB,0B / 73.7kB
1789309042.5683072,aegis-control-plane,0.12%,67.34MiB / 3.748GiB,1.75%,4.55kB / 3.87kB,0B / 4.64MB
1789309042.5683072,aegis-enforcement-gateway,0.13%,168.4MiB / 3.748GiB,4.39%,2.02MB / 4.26MB,238kB / 100MB
1789309042.5683072,aegis-credential-broker,0.15%,89.68MiB / 3.748GiB,2.34%,3.78MB / 2.18MB,0B / 532kB
1789309042.5683072,aegis-protected-tool,0.12%,69.11MiB / 3.748GiB,1.80%,2.25MB / 1.93MB,0B / 532kB
1789309042.5683072,aegis-bench-runner,0.00%,22.47MiB / 3.748GiB,0.59%,2.42MB / 2.09MB,0B / 73.7kB
1789309046.7797573,aegis-control-plane,0.14%,66.96MiB / 3.748GiB,1.74%,4.55kB / 3.87kB,0B / 4.64MB
1789309046.7797573,aegis-enforcement-gateway,0.17%,177.7MiB / 3.748GiB,4.63%,2.02MB / 4.26MB,238kB / 100MB
1789309046.7797573,aegis-credential-broker,0.13%,89.68MiB / 3.748GiB,2.34%,3.78MB / 2.18MB,0B / 532kB
1789309046.7797573,aegis-protected-tool,0.14%,69.11MiB / 3.748GiB,1.80%,2.25MB / 1.93MB,0B / 532kB
1789309046.7797573,aegis-bench-runner,0.00%,22.47MiB / 3.748GiB,0.59%,2.42MB / 2.09MB,0B / 73.7kB
1789309051.0135837,aegis-control-plane,0.14%,67.58MiB / 3.748GiB,1.76%,4.55kB / 3.87kB,0B / 4.64MB
1789309051.0135837,aegis-enforcement-gateway,10.99%,167.5MiB / 3.748GiB,4.36%,2.02MB / 4.26MB,238kB / 100MB
1789309051.0135837,aegis-credential-broker,0.13%,89.68MiB / 3.748GiB,2.34%,3.78MB / 2.18MB,0B / 532kB
1789309051.0135837,aegis-protected-tool,0.15%,69.11MiB / 3.748GiB,1.80%,2.25MB / 1.93MB,0B / 532kB
1789309051.0135837,aegis-bench-runner,0.00%,22.47MiB / 3.748GiB,0.59%,2.42MB / 2.09MB,0B / 73.7kB
1789309055.2295823,aegis-control-plane,0.15%,67.25MiB / 3.748GiB,1.75%,4.55kB / 3.87kB,0B / 4.64MB
1789309055.2295823,aegis-enforcement-gateway,0.14%,176.9MiB / 3.748GiB,4.61%,2.02MB / 4.26MB,238kB / 100MB
1789309055.2295823,aegis-credential-broker,0.12%,89.68MiB / 3.748GiB,2.34%,3.78MB / 2.18MB,0B / 532kB
1789309055.2295823,aegis-protected-tool,0.14%,69.11MiB / 3.748GiB,1.80%,2.25MB / 1.93MB,0B / 532kB
1789309055.2295823,aegis-bench-runner,0.56%,22.47MiB / 3.748GiB,0.59%,2.42MB / 2.09MB,0B / 73.7kB
1789309059.442337,aegis-control-plane,11.84%,67.42MiB / 3.748GiB,1.76%,4.55kB / 3.87kB,0B / 4.64MB
1789309059.442337,aegis-enforcement-gateway,0.13%,167.9MiB / 3.748GiB,4.38%,2.02MB / 4.26MB,238kB / 100MB
1789309059.442337,aegis-credential-broker,0.13%,89.68MiB / 3.748GiB,2.34%,3.78MB / 2.18MB,0B / 532kB
1789309059.442337,aegis-protected-tool,0.14%,69.11MiB / 3.748GiB,1.80%,2.25MB / 1.93MB,0B / 532kB
1789309059.442337,aegis-bench-runner,0.00%,22.47MiB / 3.748GiB,0.59%,2.42MB / 2.09MB,0B / 73.7kB
1789309063.6734684,aegis-control-plane,0.13%,67.33MiB / 3.748GiB,1.75%,4.55kB / 3.87kB,0B / 4.64MB
1789309063.6734684,aegis-enforcement-gateway,0.52%,168.2MiB / 3.748GiB,4.38%,2.02MB / 4.26MB,238kB / 100MB
1789309063.6734684,aegis-credential-broker,0.20%,89.68MiB / 3.748GiB,2.34%,3.78MB / 2.18MB,0B / 532kB
1789309063.6734684,aegis-protected-tool,0.19%,69.11MiB / 3.748GiB,1.80%,2.25MB / 1.93MB,0B / 532kB
1789309063.6734684,aegis-bench-runner,0.00%,22.47MiB / 3.748GiB,0.59%,2.42MB / 2.09MB,0B / 73.7kB
1789309067.9506717,aegis-control-plane,0.21%,66.96MiB / 3.748GiB,1.74%,4.55kB / 3.87kB,0B / 4.64MB
1789309067.9506717,aegis-enforcement-gateway,0.20%,168.1MiB / 3.748GiB,4.38%,2.02MB / 4.26MB,238kB / 100MB
1789309067.9506717,aegis-credential-broker,0.18%,89.68MiB / 3.748GiB,2.34%,3.78MB / 2.18MB,0B / 532kB
1789309067.9506717,aegis-protected-tool,0.18%,69.11MiB / 3.748GiB,1.80%,2.25MB / 1.93MB,0B / 532kB
1789309067.9506717,aegis-bench-runner,0.00%,22.47MiB / 3.748GiB,0.59%,2.42MB / 2.09MB,0B / 73.7kB
1789309072.153546,aegis-control-plane,0.14%,67.44MiB / 3.748GiB,1.76%,4.55kB / 3.87kB,0B / 4.64MB
1789309072.153546,aegis-enforcement-gateway,0.13%,177.2MiB / 3.748GiB,4.62%,2.02MB / 4.26MB,238kB / 100MB
1789309072.153546,aegis-credential-broker,0.12%,89.68MiB / 3.748GiB,2.34%,3.78MB / 2.18MB,0B / 532kB
1789309072.153546,aegis-protected-tool,0.13%,69.11MiB / 3.748GiB,1.80%,2.25MB / 1.93MB,0B / 532kB
1789309072.153546,aegis-bench-runner,0.00%,22.47MiB / 3.748GiB,0.59%,2.42MB / 2.09MB,0B / 73.7kB
1789309076.4528356,aegis-control-plane,0.21%,67.37MiB / 3.748GiB,1.76%,4.55kB / 3.87kB,0B / 4.64MB
1789309076.4528356,aegis-enforcement-gateway,0.19%,168MiB / 3.748GiB,4.38%,2.02MB / 4.26MB,238kB / 100MB
1789309076.4528356,aegis-credential-broker,0.22%,89.68MiB / 3.748GiB,2.34%,3.78MB / 2.18MB,0B / 532kB
1789309076.4528356,aegis-protected-tool,0.19%,69.11MiB / 3.748GiB,1.80%,2.25MB / 1.93MB,0B / 532kB
1789309076.4528356,aegis-bench-runner,0.00%,22.47MiB / 3.748GiB,0.59%,2.42MB / 2.09MB,0B / 73.7kB
1789309080.6659899,aegis-control-plane,10.13%,67.28MiB / 3.748GiB,1.75%,4.55kB / 3.87kB,0B / 4.64MB
1789309080.6659899,aegis-enforcement-gateway,18.10%,168.2MiB / 3.748GiB,4.38%,2.02MB / 4.26MB,238kB / 100MB
1789309080.6659899,aegis-credential-broker,0.13%,89.68MiB / 3.748GiB,2.34%,3.78MB / 2.18MB,0B / 532kB
1789309080.6659899,aegis-protected-tool,0.14%,69.11MiB / 3.748GiB,1.80%,2.25MB / 1.93MB,0B / 532kB
1789309080.6659899,aegis-bench-runner,0.00%,22.47MiB / 3.748GiB,0.59%,2.42MB / 2.09MB,0B / 73.7kB
1789309084.9616988,aegis-control-plane,0.20%,67.24MiB / 3.748GiB,1.75%,4.55kB / 3.87kB,0B / 4.64MB
1789309084.9616988,aegis-enforcement-gateway,21.79%,177.6MiB / 3.748GiB,4.63%,2.02MB / 4.26MB,238kB / 100MB
1789309084.9616988,aegis-credential-broker,0.24%,89.68MiB / 3.748GiB,2.34%,3.78MB / 2.18MB,0B / 532kB
1789309084.9616988,aegis-protected-tool,0.21%,69.11MiB / 3.748GiB,1.80%,2.25MB / 1.93MB,0B / 532kB
1789309084.9616988,aegis-bench-runner,0.76%,22.47MiB / 3.748GiB,0.59%,2.42MB / 2.09MB,0B / 73.7kB
1789309089.1632886,aegis-control-plane,0.14%,67.38MiB / 3.748GiB,1.76%,4.55kB / 3.87kB,0B / 4.64MB
1789309089.1632886,aegis-enforcement-gateway,0.11%,168.2MiB / 3.748GiB,4.38%,2.02MB / 4.26MB,238kB / 100MB
1789309089.1632886,aegis-credential-broker,0.12%,89.68MiB / 3.748GiB,2.34%,3.78MB / 2.18MB,0B / 532kB
1789309089.1632886,aegis-protected-tool,0.14%,69.11MiB / 3.748GiB,1.80%,2.25MB / 1.93MB,0B / 532kB
1789309089.1632886,aegis-bench-runner,0.00%,22.47MiB / 3.748GiB,0.59%,2.42MB / 2.09MB,0B / 73.7kB
1789309093.3613915,aegis-control-plane,0.17%,67.34MiB / 3.748GiB,1.75%,4.55kB / 3.87kB,0B / 4.64MB
1789309093.3613915,aegis-enforcement-gateway,9.42%,177.8MiB / 3.748GiB,4.63%,2.02MB / 4.26MB,238kB / 100MB
1789309093.3613915,aegis-credential-broker,0.15%,89.68MiB / 3.748GiB,2.34%,3.78MB / 2.18MB,0B / 532kB
1789309093.3613915,aegis-protected-tool,0.15%,69.11MiB / 3.748GiB,1.80%,2.25MB / 1.93MB,0B / 532kB
1789309093.3613915,aegis-bench-runner,0.00%,22.47MiB / 3.748GiB,0.59%,2.42MB / 2.09MB,0B / 73.7kB
1789309097.593294,aegis-control-plane,6.80%,67.4MiB / 3.748GiB,1.76%,4.55kB / 3.87kB,0B / 4.64MB
1789309097.593294,aegis-enforcement-gateway,0.14%,168.7MiB / 3.748GiB,4.40%,2.02MB / 4.26MB,238kB / 100MB
1789309097.593294,aegis-credential-broker,0.13%,89.68MiB / 3.748GiB,2.34%,3.78MB / 2.18MB,0B / 532kB
1789309097.593294,aegis-protected-tool,0.14%,69.11MiB / 3.748GiB,1.80%,2.25MB / 1.93MB,0B / 532kB
1789309097.593294,aegis-bench-runner,0.00%,22.47MiB / 3.748GiB,0.59%,2.42MB / 2.09MB,0B / 73.7kB
1789309101.814479,aegis-control-plane,0.42%,67.71MiB / 3.748GiB,1.76%,4.55kB / 3.87kB,0B / 4.64MB
1789309101.814479,aegis-enforcement-gateway,5.37%,177.7MiB / 3.748GiB,4.63%,2.02MB / 4.26MB,238kB / 100MB
1789309101.814479,aegis-credential-broker,0.13%,89.68MiB / 3.748GiB,2.34%,3.78MB / 2.18MB,0B / 532kB
1789309101.814479,aegis-protected-tool,0.17%,69.11MiB / 3.748GiB,1.80%,2.25MB / 1.93MB,0B / 532kB
1789309101.814479,aegis-bench-runner,0.00%,22.47MiB / 3.748GiB,0.59%,2.42MB / 2.09MB,0B / 73.7kB
1789309106.036571,aegis-control-plane,0.16%,67.71MiB / 3.748GiB,1.76%,4.55kB / 3.87kB,0B / 4.64MB
1789309106.036571,aegis-enforcement-gateway,0.15%,168.2MiB / 3.748GiB,4.38%,2.02MB / 4.26MB,238kB / 100MB
1789309106.036571,aegis-credential-broker,0.17%,89.68MiB / 3.748GiB,2.34%,3.78MB / 2.18MB,0B / 532kB
1789309106.036571,aegis-protected-tool,0.14%,69.11MiB / 3.748GiB,1.80%,2.25MB / 1.93MB,0B / 532kB
1789309106.036571,aegis-bench-runner,0.00%,22.47MiB / 3.748GiB,0.59%,2.42MB / 2.09MB,0B / 73.7kB
1789309110.2555177,aegis-control-plane,0.12%,67.59MiB / 3.748GiB,1.76%,4.55kB / 3.87kB,0B / 4.64MB
1789309110.2555177,aegis-enforcement-gateway,12.19%,176.6MiB / 3.748GiB,4.60%,2.02MB / 4.26MB,238kB / 100MB
1789309110.2555177,aegis-credential-broker,0.12%,89.68MiB / 3.748GiB,2.34%,3.78MB / 2.18MB,0B / 532kB
1789309110.2555177,aegis-protected-tool,0.12%,69.11MiB / 3.748GiB,1.80%,2.25MB / 1.93MB,0B / 532kB
1789309110.2555177,aegis-bench-runner,0.00%,22.47MiB / 3.748GiB,0.59%,2.42MB / 2.09MB,0B / 73.7kB
1789309114.4751022,aegis-control-plane,0.14%,67.45MiB / 3.748GiB,1.76%,4.55kB / 3.87kB,0B / 4.64MB
1789309114.4751022,aegis-enforcement-gateway,0.12%,167.6MiB / 3.748GiB,4.37%,2.02MB / 4.26MB,238kB / 100MB
1789309114.4751022,aegis-credential-broker,0.14%,89.68MiB / 3.748GiB,2.34%,3.78MB / 2.18MB,0B / 532kB
1789309114.4751022,aegis-protected-tool,0.15%,69.11MiB / 3.748GiB,1.80%,2.25MB / 1.93MB,0B / 532kB
1789309114.4751022,aegis-bench-runner,0.00%,22.47MiB / 3.748GiB,0.59%,2.42MB / 2.09MB,0B / 73.7kB
1789309118.693364,aegis-control-plane,0.15%,67.17MiB / 3.748GiB,1.75%,4.55kB / 3.87kB,0B / 4.64MB
1789309118.693364,aegis-enforcement-gateway,0.14%,176.9MiB / 3.748GiB,4.61%,2.02MB / 4.26MB,238kB / 100MB
1789309118.693364,aegis-credential-broker,0.15%,89.68MiB / 3.748GiB,2.34%,3.78MB / 2.18MB,0B / 532kB
1789309118.693364,aegis-protected-tool,0.14%,69.11MiB / 3.748GiB,1.80%,2.25MB / 1.93MB,0B / 532kB
1789309118.693364,aegis-bench-runner,0.00%,22.47MiB / 3.748GiB,0.59%,2.42MB / 2.09MB,0B / 73.7kB
1789309122.9120755,aegis-control-plane,0.16%,67.13MiB / 3.748GiB,1.75%,4.55kB / 3.87kB,0B / 4.64MB
1789309122.9120755,aegis-enforcement-gateway,0.14%,167.7MiB / 3.748GiB,4.37%,2.02MB / 4.26MB,238kB / 100MB
1789309122.9120755,aegis-credential-broker,0.14%,89.68MiB / 3.748GiB,2.34%,3.78MB / 2.18MB,0B / 532kB
1789309122.9120755,aegis-protected-tool,0.16%,69.11MiB / 3.748GiB,1.80%,2.25MB / 1.93MB,0B / 532kB
1789309122.9120755,aegis-bench-runner,0.00%,22.47MiB / 3.748GiB,0.59%,2.42MB / 2.09MB,0B / 73.7kB
1789309127.1294887,aegis-control-plane,0.13%,67.1MiB / 3.748GiB,1.75%,4.55kB / 3.87kB,0B / 4.64MB
1789309127.1294887,aegis-enforcement-gateway,0.15%,176.7MiB / 3.748GiB,4.60%,2.02MB / 4.26MB,238kB / 100MB
1789309127.1294887,aegis-credential-broker,0.13%,89.68MiB / 3.748GiB,2.34%,3.78MB / 2.18MB,0B / 532kB
1789309127.1294887,aegis-protected-tool,0.15%,69.11MiB / 3.748GiB,1.80%,2.25MB / 1.93MB,0B / 532kB
1789309127.1294887,aegis-bench-runner,0.00%,22.47MiB / 3.748GiB,0.59%,2.42MB / 2.09MB,0B / 73.7kB
1789309131.3407798,aegis-control-plane,0.15%,66.75MiB / 3.748GiB,1.74%,4.55kB / 3.87kB,0B / 4.64MB
1789309131.3407798,aegis-enforcement-gateway,0.17%,167.5MiB / 3.748GiB,4.37%,2.03MB / 4.26MB,238kB / 100MB
1789309131.3407798,aegis-credential-broker,0.14%,89.68MiB / 3.748GiB,2.34%,3.78MB / 2.18MB,0B / 532kB
1789309131.3407798,aegis-protected-tool,0.15%,69.11MiB / 3.748GiB,1.80%,2.25MB / 1.93MB,0B / 532kB
1789309131.3407798,aegis-bench-runner,0.00%,22.47MiB / 3.748GiB,0.59%,2.42MB / 2.09MB,0B / 73.7kB
1789309135.552323,aegis-control-plane,0.14%,67.14MiB / 3.748GiB,1.75%,4.55kB / 3.87kB,0B / 4.64MB
1789309135.552323,aegis-enforcement-gateway,0.13%,176.6MiB / 3.748GiB,4.60%,2.03MB / 4.26MB,238kB / 100MB
1789309135.552323,aegis-credential-broker,0.15%,89.68MiB / 3.748GiB,2.34%,3.78MB / 2.18MB,0B / 532kB
1789309135.552323,aegis-protected-tool,0.15%,69.11MiB / 3.748GiB,1.80%,2.25MB / 1.93MB,0B / 532kB
1789309135.552323,aegis-bench-runner,0.00%,22.47MiB / 3.748GiB,0.59%,2.42MB / 2.09MB,0B / 73.7kB
1789309139.8560512,aegis-control-plane,0.22%,67.88MiB / 3.748GiB,1.77%,4.55kB / 3.87kB,0B / 4.64MB
1789309139.8560512,aegis-enforcement-gateway,0.22%,167.6MiB / 3.748GiB,4.37%,2.03MB / 4.26MB,238kB / 100MB
1789309139.8560512,aegis-credential-broker,0.19%,89.68MiB / 3.748GiB,2.34%,3.78MB / 2.18MB,0B / 532kB
1789309139.8560512,aegis-protected-tool,0.20%,69.11MiB / 3.748GiB,1.80%,2.25MB / 1.93MB,0B / 532kB
1789309139.8560512,aegis-bench-runner,0.00%,22.47MiB / 3.748GiB,0.59%,2.42MB / 2.09MB,0B / 73.7kB
1789309144.1323698,aegis-control-plane,0.14%,67.59MiB / 3.748GiB,1.76%,4.55kB / 3.87kB,0B / 4.64MB
1789309144.1323698,aegis-enforcement-gateway,0.13%,177.2MiB / 3.748GiB,4.62%,2.03MB / 4.26MB,238kB / 100MB
1789309144.1323698,aegis-credential-broker,0.13%,89.68MiB / 3.748GiB,2.34%,3.78MB / 2.18MB,0B / 532kB
1789309144.1323698,aegis-protected-tool,0.14%,69.11MiB / 3.748GiB,1.80%,2.25MB / 1.93MB,0B / 532kB
1789309144.1323698,aegis-bench-runner,0.39%,22.47MiB / 3.748GiB,0.59%,2.42MB / 2.09MB,0B / 73.7kB
1789309148.348865,aegis-control-plane,0.15%,67.46MiB / 3.748GiB,1.76%,4.55kB / 3.87kB,0B / 4.64MB
1789309148.348865,aegis-enforcement-gateway,0.14%,168MiB / 3.748GiB,4.38%,2.03MB / 4.26MB,238kB / 100MB
1789309148.348865,aegis-credential-broker,0.12%,89.68MiB / 3.748GiB,2.34%,3.78MB / 2.18MB,0B / 532kB
1789309148.348865,aegis-protected-tool,0.15%,69.11MiB / 3.748GiB,1.80%,2.25MB / 1.93MB,0B / 532kB
1789309148.348865,aegis-bench-runner,0.00%,22.47MiB / 3.748GiB,0.59%,2.42MB / 2.09MB,0B / 73.7kB
1789309152.5687282,aegis-control-plane,14.16%,67.25MiB / 3.748GiB,1.75%,4.55kB / 3.87kB,0B / 4.64MB
1789309152.5687282,aegis-enforcement-gateway,0.44%,167.9MiB / 3.748GiB,4.38%,2.03MB / 4.26MB,238kB / 100MB
1789309152.5687282,aegis-credential-broker,0.14%,89.68MiB / 3.748GiB,2.34%,3.78MB / 2.18MB,0B / 532kB
1789309152.5687282,aegis-protected-tool,0.13%,69.11MiB / 3.748GiB,1.80%,2.25MB / 1.93MB,0B / 532kB
1789309152.5687282,aegis-bench-runner,0.00%,22.47MiB / 3.748GiB,0.59%,2.42MB / 2.09MB,0B / 73.7kB
1789309156.7891688,aegis-control-plane,0.17%,67.11MiB / 3.748GiB,1.75%,4.55kB / 3.87kB,0B / 4.64MB
1789309156.7891688,aegis-enforcement-gateway,0.12%,167.9MiB / 3.748GiB,4.38%,2.03MB / 4.26MB,238kB / 100MB
1789309156.7891688,aegis-credential-broker,0.12%,89.68MiB / 3.748GiB,2.34%,3.78MB / 2.18MB,0B / 532kB
1789309156.7891688,aegis-protected-tool,0.14%,69.11MiB / 3.748GiB,1.80%,2.25MB / 1.93MB,0B / 532kB
1789309156.7891688,aegis-bench-runner,0.00%,22.47MiB / 3.748GiB,0.59%,2.42MB / 2.09MB,0B / 73.7kB
1789309161.0054007,aegis-control-plane,0.20%,67.02MiB / 3.748GiB,1.75%,4.55kB / 3.87kB,0B / 4.64MB
1789309161.0054007,aegis-enforcement-gateway,0.32%,168.3MiB / 3.748GiB,4.38%,2.03MB / 4.26MB,238kB / 100MB
1789309161.0054007,aegis-credential-broker,0.11%,89.68MiB / 3.748GiB,2.34%,3.78MB / 2.18MB,0B / 532kB
1789309161.0054007,aegis-protected-tool,0.14%,69.11MiB / 3.748GiB,1.80%,2.25MB / 1.93MB,0B / 532kB
1789309161.0054007,aegis-bench-runner,0.00%,22.47MiB / 3.748GiB,0.59%,2.42MB / 2.09MB,0B / 73.7kB
1789309165.2218368,aegis-control-plane,0.13%,67.72MiB / 3.748GiB,1.76%,4.55kB / 3.87kB,0B / 4.64MB
1789309165.2218368,aegis-enforcement-gateway,0.14%,168.2MiB / 3.748GiB,4.38%,2.03MB / 4.26MB,238kB / 100MB
1789309165.2218368,aegis-credential-broker,0.11%,89.68MiB / 3.748GiB,2.34%,3.78MB / 2.18MB,0B / 532kB
1789309165.2218368,aegis-protected-tool,0.16%,69.11MiB / 3.748GiB,1.80%,2.25MB / 1.93MB,0B / 532kB
1789309165.2218368,aegis-bench-runner,0.00%,22.47MiB / 3.748GiB,0.59%,2.42MB / 2.09MB,0B / 73.7kB
1789309169.4735498,aegis-control-plane,0.17%,67.59MiB / 3.748GiB,1.76%,4.55kB / 3.87kB,0B / 4.64MB
1789309169.4735498,aegis-enforcement-gateway,6.36%,168MiB / 3.748GiB,4.38%,2.03MB / 4.26MB,238kB / 100MB
1789309169.4735498,aegis-credential-broker,0.14%,89.68MiB / 3.748GiB,2.34%,3.78MB / 2.18MB,0B / 532kB
1789309169.4735498,aegis-protected-tool,0.18%,69.11MiB / 3.748GiB,1.80%,2.25MB / 1.93MB,0B / 532kB
1789309169.4735498,aegis-bench-runner,0.00%,22.47MiB / 3.748GiB,0.59%,2.42MB / 2.09MB,0B / 73.7kB
1789309173.7608607,aegis-control-plane,11.90%,67.35MiB / 3.748GiB,1.76%,4.55kB / 3.87kB,0B / 4.64MB
1789309173.7608607,aegis-enforcement-gateway,86.09%,170.8MiB / 3.748GiB,4.45%,2.06MB / 4.35MB,238kB / 106MB
1789309173.7608607,aegis-credential-broker,0.12%,91.14MiB / 3.748GiB,2.38%,3.87MB / 2.23MB,0B / 532kB
1789309173.7608607,aegis-protected-tool,0.13%,68.6MiB / 3.748GiB,1.79%,2.28MB / 1.96MB,0B / 532kB
1789309173.7608607,aegis-bench-runner,10.93%,22.82MiB / 3.748GiB,0.59%,2.47MB / 2.13MB,0B / 73.7kB
1789309177.9945848,aegis-control-plane,0.13%,67.35MiB / 3.748GiB,1.75%,4.55kB / 3.87kB,0B / 4.64MB
1789309177.9945848,aegis-enforcement-gateway,70.19%,170.8MiB / 3.748GiB,4.45%,2.15MB / 4.47MB,238kB / 121MB
1789309177.9945848,aegis-credential-broker,0.15%,91.14MiB / 3.748GiB,2.38%,3.87MB / 2.23MB,0B / 532kB
1789309177.9945848,aegis-protected-tool,0.13%,68.6MiB / 3.748GiB,1.79%,2.28MB / 1.96MB,0B / 532kB
1789309177.9945848,aegis-bench-runner,12.61%,2.246MiB / 3.748GiB,0.06%,2.58MB / 2.21MB,0B / 73.7kB
1789309182.2346058,aegis-control-plane,0.16%,67.53MiB / 3.748GiB,1.76%,4.55kB / 3.87kB,0B / 4.64MB
1789309182.2346058,aegis-enforcement-gateway,93.14%,151.4MiB / 3.748GiB,3.95%,2.23MB / 4.59MB,238kB / 135MB
1789309182.2346058,aegis-credential-broker,0.14%,91.14MiB / 3.748GiB,2.38%,3.87MB / 2.23MB,0B / 532kB
1789309182.2346058,aegis-protected-tool,0.14%,68.6MiB / 3.748GiB,1.79%,2.28MB / 1.96MB,0B / 532kB
1789309182.2346058,aegis-bench-runner,12.17%,22.76MiB / 3.748GiB,0.59%,2.66MB / 2.26MB,0B / 73.7kB
1789309186.4606612,aegis-control-plane,0.12%,67.14MiB / 3.748GiB,1.75%,4.55kB / 3.87kB,0B / 4.64MB
1789309186.4606612,aegis-enforcement-gateway,38.83%,148.6MiB / 3.748GiB,3.87%,2.29MB / 4.68MB,238kB / 146MB
1789309186.4606612,aegis-credential-broker,0.13%,91.14MiB / 3.748GiB,2.38%,3.87MB / 2.23MB,0B / 532kB
1789309186.4606612,aegis-protected-tool,0.13%,68.6MiB / 3.748GiB,1.79%,2.28MB / 1.96MB,0B / 532kB
1789309186.4606612,aegis-bench-runner,12.27%,2.246MiB / 3.748GiB,0.06%,2.76MB / 2.32MB,0B / 73.7kB
1789309190.7069888,aegis-control-plane,0.13%,66.96MiB / 3.748GiB,1.74%,4.55kB / 3.87kB,0B / 4.64MB
1789309190.7069888,aegis-enforcement-gateway,94.21%,146.6MiB / 3.748GiB,3.82%,2.37MB / 4.8MB,238kB / 159MB
1789309190.7069888,aegis-credential-broker,0.12%,91.14MiB / 3.748GiB,2.38%,3.87MB / 2.23MB,0B / 532kB
1789309190.7069888,aegis-protected-tool,0.11%,68.6MiB / 3.748GiB,1.79%,2.28MB / 1.96MB,0B / 532kB
1789309190.7069888,aegis-bench-runner,11.88%,22.97MiB / 3.748GiB,0.60%,2.86MB / 2.39MB,0B / 73.7kB
1789309194.936895,aegis-control-plane,13.57%,75.96MiB / 3.748GiB,1.98%,4.55kB / 3.87kB,0B / 4.64MB
1789309194.936895,aegis-enforcement-gateway,87.99%,147.3MiB / 3.748GiB,3.84%,2.42MB / 4.88MB,238kB / 168MB
1789309194.936895,aegis-credential-broker,0.28%,91.14MiB / 3.748GiB,2.38%,3.87MB / 2.23MB,0B / 532kB
1789309194.936895,aegis-protected-tool,0.15%,68.6MiB / 3.748GiB,1.79%,2.28MB / 1.96MB,0B / 532kB
1789309194.936895,aegis-bench-runner,35.51%,23.06MiB / 3.748GiB,0.60%,2.95MB / 2.45MB,0B / 73.7kB
1789309199.1763535,aegis-control-plane,14.99%,67.18MiB / 3.748GiB,1.75%,4.55kB / 3.87kB,0B / 4.64MB
1789309199.1763535,aegis-enforcement-gateway,92.82%,147.8MiB / 3.748GiB,3.85%,2.49MB / 4.99MB,238kB / 181MB
1789309199.1763535,aegis-credential-broker,0.13%,91.14MiB / 3.748GiB,2.38%,3.87MB / 2.23MB,0B / 532kB
1789309199.1763535,aegis-protected-tool,0.13%,68.6MiB / 3.748GiB,1.79%,2.28MB / 1.96MB,0B / 532kB
1789309199.1763535,aegis-bench-runner,12.28%,23.51MiB / 3.748GiB,0.61%,3.05MB / 2.52MB,0B / 73.7kB
1789309203.3924577,aegis-control-plane,0.13%,67.13MiB / 3.748GiB,1.75%,4.55kB / 3.87kB,0B / 4.64MB
1789309203.3924577,aegis-enforcement-gateway,64.49%,147.7MiB / 3.748GiB,3.85%,2.56MB / 5.07MB,238kB / 191MB
1789309203.3924577,aegis-credential-broker,0.12%,91.14MiB / 3.748GiB,2.38%,3.87MB / 2.23MB,0B / 532kB
1789309203.3924577,aegis-protected-tool,0.12%,68.6MiB / 3.748GiB,1.79%,2.28MB / 1.96MB,0B / 532kB
1789309203.3924577,aegis-bench-runner,19.15%,23.88MiB / 3.748GiB,0.62%,3.14MB / 2.58MB,0B / 73.7kB
1789309207.6210573,aegis-control-plane,0.11%,67.45MiB / 3.748GiB,1.76%,4.55kB / 3.87kB,0B / 4.64MB
1789309207.6210573,aegis-enforcement-gateway,86.38%,148.6MiB / 3.748GiB,3.87%,2.63MB / 5.19MB,238kB / 205MB
1789309207.6210573,aegis-credential-broker,0.12%,91.14MiB / 3.748GiB,2.38%,3.87MB / 2.23MB,0B / 532kB
1789309207.6210573,aegis-protected-tool,0.11%,68.6MiB / 3.748GiB,1.79%,2.28MB / 1.96MB,0B / 532kB
1789309207.6210573,aegis-bench-runner,11.85%,24.63MiB / 3.748GiB,0.64%,3.25MB / 2.66MB,0B / 73.7kB
1789309211.8485932,aegis-control-plane,0.12%,67.1MiB / 3.748GiB,1.75%,4.55kB / 3.87kB,0B / 4.64MB
1789309211.8485932,aegis-enforcement-gateway,87.90%,148.9MiB / 3.748GiB,3.88%,2.68MB / 5.26MB,238kB / 212MB
1789309211.8485932,aegis-credential-broker,0.11%,91.14MiB / 3.748GiB,2.38%,3.87MB / 2.23MB,0B / 532kB
1789309211.8485932,aegis-protected-tool,0.12%,68.6MiB / 3.748GiB,1.79%,2.28MB / 1.96MB,0B / 532kB
1789309211.8485932,aegis-bench-runner,55.39%,24.98MiB / 3.748GiB,0.65%,3.37MB / 2.75MB,0B / 73.7kB
1789309216.0765798,aegis-control-plane,14.29%,67.29MiB / 3.748GiB,1.75%,4.55kB / 3.87kB,0B / 4.64MB
1789309216.0765798,aegis-enforcement-gateway,99.30%,150.1MiB / 3.748GiB,3.91%,2.78MB / 5.4MB,238kB / 228MB
1789309216.0765798,aegis-credential-broker,0.12%,91.14MiB / 3.748GiB,2.38%,3.87MB / 2.23MB,0B / 532kB
1789309216.0765798,aegis-protected-tool,0.12%,68.6MiB / 3.748GiB,1.79%,2.28MB / 1.96MB,0B / 532kB
1789309216.0765798,aegis-bench-runner,13.58%,25.16MiB / 3.748GiB,0.66%,3.5MB / 2.83MB,0B / 73.7kB
1789309220.2870512,aegis-control-plane,0.14%,67.29MiB / 3.748GiB,1.75%,4.55kB / 3.87kB,0B / 4.64MB
1789309220.2870512,aegis-enforcement-gateway,8.81%,163.2MiB / 3.748GiB,4.25%,2.85MB / 5.45MB,238kB / 232MB
1789309220.2870512,aegis-credential-broker,0.12%,91.14MiB / 3.748GiB,2.38%,3.87MB / 2.23MB,0B / 532kB
1789309220.2870512,aegis-protected-tool,0.14%,68.6MiB / 3.748GiB,1.79%,2.28MB / 1.96MB,0B / 532kB
1789309220.2870512,aegis-bench-runner,0.00%,25.71MiB / 3.748GiB,0.67%,3.55MB / 2.89MB,0B / 73.7kB
1789309224.5192294,aegis-control-plane,0.14%,67.22MiB / 3.748GiB,1.75%,4.55kB / 3.87kB,0B / 4.64MB
1789309224.5192294,aegis-enforcement-gateway,0.17%,150.3MiB / 3.748GiB,3.92%,2.85MB / 5.45MB,238kB / 232MB
1789309224.5192294,aegis-credential-broker,0.18%,91.14MiB / 3.748GiB,2.38%,3.87MB / 2.23MB,0B / 532kB
1789309224.5192294,aegis-protected-tool,0.15%,68.6MiB / 3.748GiB,1.79%,2.28MB / 1.96MB,0B / 532kB
1789309224.5192294,aegis-bench-runner,0.00%,25.71MiB / 3.748GiB,0.67%,3.55MB / 2.89MB,0B / 73.7kB
1789309228.8347073,aegis-control-plane,0.19%,67.32MiB / 3.748GiB,1.75%,4.55kB / 3.87kB,0B / 4.64MB
1789309228.8347073,aegis-enforcement-gateway,20.72%,159.5MiB / 3.748GiB,4.15%,2.85MB / 5.45MB,238kB / 232MB
1789309228.8347073,aegis-credential-broker,0.18%,91.14MiB / 3.748GiB,2.38%,3.87MB / 2.23MB,0B / 532kB
1789309228.8347073,aegis-protected-tool,0.22%,68.6MiB / 3.748GiB,1.79%,2.28MB / 1.96MB,0B / 532kB
1789309228.8347073,aegis-bench-runner,0.00%,25.69MiB / 3.748GiB,0.67%,3.55MB / 2.89MB,0B / 73.7kB
1789309233.0806165,aegis-control-plane,0.13%,67.14MiB / 3.748GiB,1.75%,4.55kB / 3.87kB,0B / 4.64MB
1789309233.0806165,aegis-enforcement-gateway,0.13%,150.4MiB / 3.748GiB,3.92%,2.85MB / 5.45MB,238kB / 232MB
1789309233.0806165,aegis-credential-broker,0.14%,91.14MiB / 3.748GiB,2.38%,3.87MB / 2.23MB,0B / 532kB
1789309233.0806165,aegis-protected-tool,0.18%,68.6MiB / 3.748GiB,1.79%,2.28MB / 1.96MB,0B / 532kB
1789309233.0806165,aegis-bench-runner,0.00%,25.69MiB / 3.748GiB,0.67%,3.55MB / 2.89MB,0B / 73.7kB
1789309237.3084064,aegis-control-plane,0.11%,66.97MiB / 3.748GiB,1.75%,4.55kB / 3.87kB,0B / 4.64MB
1789309237.3084064,aegis-enforcement-gateway,0.14%,150.3MiB / 3.748GiB,3.92%,2.9MB / 5.47MB,238kB / 232MB
1789309237.3084064,aegis-credential-broker,0.13%,91.14MiB / 3.748GiB,2.38%,3.87MB / 2.23MB,0B / 532kB
1789309237.3084064,aegis-protected-tool,0.11%,68.6MiB / 3.748GiB,1.79%,2.28MB / 1.96MB,0B / 532kB
1789309237.3084064,aegis-bench-runner,0.00%,26.16MiB / 3.748GiB,0.68%,3.57MB / 2.95MB,0B / 73.7kB
1789309241.5469353,aegis-control-plane,4.83%,67.54MiB / 3.748GiB,1.76%,4.55kB / 3.87kB,0B / 4.64MB
1789309241.5469353,aegis-enforcement-gateway,0.14%,150.5MiB / 3.748GiB,3.92%,2.9MB / 5.47MB,238kB / 232MB
1789309241.5469353,aegis-credential-broker,0.14%,91.14MiB / 3.748GiB,2.38%,3.87MB / 2.23MB,0B / 532kB
1789309241.5469353,aegis-protected-tool,0.12%,68.6MiB / 3.748GiB,1.79%,2.28MB / 1.96MB,0B / 532kB
1789309241.5469353,aegis-bench-runner,0.00%,25.9MiB / 3.748GiB,0.67%,3.57MB / 2.95MB,0B / 73.7kB
1789309245.7668912,aegis-control-plane,11.55%,67.35MiB / 3.748GiB,1.75%,4.55kB / 3.87kB,0B / 4.64MB
1789309245.7668912,aegis-enforcement-gateway,13.71%,159.3MiB / 3.748GiB,4.15%,2.9MB / 5.47MB,238kB / 232MB
1789309245.7668912,aegis-credential-broker,0.13%,91.14MiB / 3.748GiB,2.38%,3.87MB / 2.23MB,0B / 532kB
1789309245.7668912,aegis-protected-tool,0.15%,68.6MiB / 3.748GiB,1.79%,2.28MB / 1.96MB,0B / 532kB
1789309245.7668912,aegis-bench-runner,0.00%,25.9MiB / 3.748GiB,0.67%,3.57MB / 2.95MB,0B / 73.7kB
1789309249.988364,aegis-control-plane,0.13%,67.3MiB / 3.748GiB,1.75%,4.55kB / 3.87kB,0B / 4.64MB
1789309249.988364,aegis-enforcement-gateway,29.61%,150.2MiB / 3.748GiB,3.91%,2.93MB / 5.49MB,238kB / 233MB
1789309249.988364,aegis-credential-broker,0.14%,91.14MiB / 3.748GiB,2.38%,3.87MB / 2.23MB,0B / 532kB
1789309249.988364,aegis-protected-tool,0.13%,68.6MiB / 3.748GiB,1.79%,2.28MB / 1.96MB,0B / 532kB
1789309249.988364,aegis-bench-runner,1.52%,25.88MiB / 3.748GiB,0.67%,3.58MB / 2.97MB,0B / 73.7kB
1789309254.2312098,aegis-control-plane,0.19%,67.45MiB / 3.748GiB,1.76%,4.55kB / 3.87kB,0B / 4.64MB
1789309254.2312098,aegis-enforcement-gateway,0.24%,159.5MiB / 3.748GiB,4.16%,2.93MB / 5.49MB,238kB / 233MB
1789309254.2312098,aegis-credential-broker,0.19%,91.14MiB / 3.748GiB,2.38%,3.87MB / 2.23MB,0B / 532kB
1789309254.2312098,aegis-protected-tool,0.20%,68.6MiB / 3.748GiB,1.79%,2.28MB / 1.96MB,0B / 532kB
1789309254.2312098,aegis-bench-runner,0.00%,25.88MiB / 3.748GiB,0.67%,3.58MB / 2.97MB,0B / 73.7kB
1789309258.510592,aegis-control-plane,0.17%,67.22MiB / 3.748GiB,1.75%,4.55kB / 3.87kB,0B / 4.64MB
1789309258.510592,aegis-enforcement-gateway,0.22%,150.4MiB / 3.748GiB,3.92%,2.93MB / 5.49MB,238kB / 233MB
1789309258.510592,aegis-credential-broker,0.19%,91.14MiB / 3.748GiB,2.38%,3.87MB / 2.23MB,0B / 532kB
1789309258.510592,aegis-protected-tool,0.20%,68.6MiB / 3.748GiB,1.79%,2.28MB / 1.96MB,0B / 532kB
1789309258.510592,aegis-bench-runner,0.00%,25.88MiB / 3.748GiB,0.67%,3.58MB / 2.97MB,0B / 73.7kB
1789309262.745249,aegis-control-plane,0.15%,67.51MiB / 3.748GiB,1.76%,4.55kB / 3.87kB,0B / 4.64MB
1789309262.745249,aegis-enforcement-gateway,0.21%,159.5MiB / 3.748GiB,4.16%,2.93MB / 5.49MB,238kB / 233MB
1789309262.745249,aegis-credential-broker,0.16%,91.14MiB / 3.748GiB,2.38%,3.87MB / 2.23MB,0B / 532kB
1789309262.745249,aegis-protected-tool,0.18%,68.6MiB / 3.748GiB,1.79%,2.28MB / 1.96MB,0B / 532kB
1789309262.745249,aegis-bench-runner,0.00%,25.88MiB / 3.748GiB,0.67%,3.58MB / 2.97MB,0B / 73.7kB
1789309267.0519958,aegis-control-plane,11.69%,67.25MiB / 3.748GiB,1.75%,4.55kB / 3.87kB,0B / 4.64MB
1789309267.0519958,aegis-enforcement-gateway,25.03%,150.6MiB / 3.748GiB,3.92%,2.99MB / 5.51MB,238kB / 233MB
1789309267.0519958,aegis-credential-broker,0.14%,91.14MiB / 3.748GiB,2.38%,3.87MB / 2.23MB,0B / 532kB
1789309267.0519958,aegis-protected-tool,0.14%,68.6MiB / 3.748GiB,1.79%,2.28MB / 1.96MB,0B / 532kB
1789309267.0519958,aegis-bench-runner,70.79%,26.95MiB / 3.748GiB,0.70%,3.59MB / 2.99MB,0B / 73.7kB
1789309271.265035,aegis-control-plane,0.13%,67.12MiB / 3.748GiB,1.75%,4.55kB / 3.87kB,0B / 4.64MB
1789309271.265035,aegis-enforcement-gateway,0.15%,159.5MiB / 3.748GiB,4.16%,2.99MB / 5.51MB,238kB / 233MB
1789309271.265035,aegis-credential-broker,0.14%,91.14MiB / 3.748GiB,2.38%,3.87MB / 2.23MB,0B / 532kB
1789309271.265035,aegis-protected-tool,0.14%,68.6MiB / 3.748GiB,1.79%,2.28MB / 1.96MB,0B / 532kB
1789309271.265035,aegis-bench-runner,0.00%,26.94MiB / 3.748GiB,0.70%,3.6MB / 3.04MB,0B / 73.7kB
1789309275.5088906,aegis-control-plane,0.16%,67.8MiB / 3.748GiB,1.77%,4.55kB / 3.87kB,0B / 4.64MB
1789309275.5088906,aegis-enforcement-gateway,0.15%,150.5MiB / 3.748GiB,3.92%,2.99MB / 5.51MB,238kB / 233MB
1789309275.5088906,aegis-credential-broker,0.16%,91.14MiB / 3.748GiB,2.38%,3.87MB / 2.23MB,0B / 532kB
1789309275.5088906,aegis-protected-tool,0.13%,68.6MiB / 3.748GiB,1.79%,2.28MB / 1.96MB,0B / 532kB
1789309275.5088906,aegis-bench-runner,0.00%,26.94MiB / 3.748GiB,0.70%,3.6MB / 3.04MB,0B / 73.7kB
1789309279.7301364,aegis-control-plane,0.15%,67.42MiB / 3.748GiB,1.76%,4.55kB / 3.87kB,0B / 4.64MB
1789309279.7301364,aegis-enforcement-gateway,15.91%,149.8MiB / 3.748GiB,3.90%,2.99MB / 5.51MB,238kB / 233MB
1789309279.7301364,aegis-credential-broker,0.14%,91.14MiB / 3.748GiB,2.38%,3.87MB / 2.23MB,0B / 532kB
1789309279.7301364,aegis-protected-tool,0.13%,68.6MiB / 3.748GiB,1.79%,2.28MB / 1.96MB,0B / 532kB
1789309279.7301364,aegis-bench-runner,0.00%,26.94MiB / 3.748GiB,0.70%,3.6MB / 3.04MB,0B / 73.7kB
1789309283.974735,aegis-control-plane,0.12%,67.1MiB / 3.748GiB,1.75%,4.55kB / 3.87kB,0B / 4.64MB
1789309283.974735,aegis-enforcement-gateway,0.13%,149.7MiB / 3.748GiB,3.90%,3.07MB / 5.54MB,238kB / 233MB
1789309283.974735,aegis-credential-broker,0.12%,91.14MiB / 3.748GiB,2.38%,3.87MB / 2.23MB,0B / 532kB
1789309283.974735,aegis-protected-tool,0.16%,68.6MiB / 3.748GiB,1.79%,2.28MB / 1.96MB,0B / 532kB
1789309283.974735,aegis-bench-runner,0.00%,27.17MiB / 3.748GiB,0.71%,3.63MB / 3.11MB,0B / 73.7kB
1789309288.2022398,aegis-control-plane,13.98%,67.4MiB / 3.748GiB,1.76%,4.55kB / 3.87kB,0B / 4.64MB
1789309288.2022398,aegis-enforcement-gateway,0.32%,149.9MiB / 3.748GiB,3.91%,3.07MB / 5.54MB,238kB / 233MB
1789309288.2022398,aegis-credential-broker,0.12%,91.14MiB / 3.748GiB,2.38%,3.87MB / 2.23MB,0B / 532kB
1789309288.2022398,aegis-protected-tool,0.15%,68.6MiB / 3.748GiB,1.79%,2.28MB / 1.96MB,0B / 532kB
1789309288.2022398,aegis-bench-runner,0.00%,27.17MiB / 3.748GiB,0.71%,3.63MB / 3.11MB,0B / 73.7kB
1789309292.425181,aegis-control-plane,13.72%,67.34MiB / 3.748GiB,1.75%,4.55kB / 3.87kB,0B / 4.64MB
1789309292.425181,aegis-enforcement-gateway,0.18%,149.9MiB / 3.748GiB,3.91%,3.07MB / 5.54MB,238kB / 233MB
1789309292.425181,aegis-credential-broker,0.12%,91.14MiB / 3.748GiB,2.38%,3.87MB / 2.23MB,0B / 532kB
1789309292.425181,aegis-protected-tool,0.13%,68.6MiB / 3.748GiB,1.79%,2.28MB / 1.96MB,0B / 532kB
1789309292.425181,aegis-bench-runner,0.00%,27.17MiB / 3.748GiB,0.71%,3.63MB / 3.11MB,0B / 73.7kB
1789309296.6456316,aegis-control-plane,0.11%,67.23MiB / 3.748GiB,1.75%,4.55kB / 3.87kB,0B / 4.64MB
1789309296.6456316,aegis-enforcement-gateway,0.59%,150MiB / 3.748GiB,3.91%,3.07MB / 5.54MB,238kB / 233MB
1789309296.6456316,aegis-credential-broker,0.12%,91.14MiB / 3.748GiB,2.38%,3.87MB / 2.23MB,0B / 532kB
1789309296.6456316,aegis-protected-tool,0.14%,68.6MiB / 3.748GiB,1.79%,2.28MB / 1.96MB,0B / 532kB
1789309296.6456316,aegis-bench-runner,0.00%,27.17MiB / 3.748GiB,0.71%,3.63MB / 3.11MB,0B / 73.7kB
1789309300.881903,aegis-control-plane,0.15%,67.16MiB / 3.748GiB,1.75%,4.55kB / 3.87kB,0B / 4.64MB
1789309300.881903,aegis-enforcement-gateway,2.18%,152.5MiB / 3.748GiB,3.97%,3.08MB / 5.55MB,238kB / 233MB
1789309300.881903,aegis-credential-broker,0.14%,91.14MiB / 3.748GiB,2.38%,3.87MB / 2.23MB,0B / 532kB
1789309300.881903,aegis-protected-tool,0.16%,68.6MiB / 3.748GiB,1.79%,2.28MB / 1.96MB,0B / 532kB
1789309300.881903,aegis-bench-runner,0.00%,22.63MiB / 3.748GiB,0.59%,3.64MB / 3.13MB,0B / 73.7kB
1789309305.0896077,aegis-control-plane,0.12%,67.18MiB / 3.748GiB,1.75%,4.55kB / 3.87kB,0B / 4.64MB
1789309305.0896077,aegis-enforcement-gateway,0.11%,149.4MiB / 3.748GiB,3.89%,3.08MB / 5.55MB,238kB / 233MB
1789309305.0896077,aegis-credential-broker,0.12%,91.14MiB / 3.748GiB,2.38%,3.87MB / 2.23MB,0B / 532kB
1789309305.0896077,aegis-protected-tool,0.19%,68.6MiB / 3.748GiB,1.79%,2.28MB / 1.96MB,0B / 532kB
1789309305.0896077,aegis-bench-runner,0.00%,22.61MiB / 3.748GiB,0.59%,3.64MB / 3.13MB,0B / 73.7kB
1789309309.3077033,aegis-control-plane,0.13%,67.02MiB / 3.748GiB,1.75%,4.55kB / 3.87kB,0B / 4.64MB
1789309309.3077033,aegis-enforcement-gateway,69.06%,158.4MiB / 3.748GiB,4.13%,3.08MB / 5.55MB,238kB / 234MB
1789309309.3077033,aegis-credential-broker,0.12%,91.14MiB / 3.748GiB,2.38%,3.87MB / 2.23MB,0B / 532kB
1789309309.3077033,aegis-protected-tool,0.15%,68.6MiB / 3.748GiB,1.79%,2.28MB / 1.96MB,0B / 532kB
1789309309.3077033,aegis-bench-runner,0.00%,22.61MiB / 3.748GiB,0.59%,3.64MB / 3.13MB,0B / 73.7kB
1789309313.5285697,aegis-control-plane,11.79%,67.36MiB / 3.748GiB,1.76%,4.55kB / 3.87kB,0B / 4.64MB
1789309313.5285697,aegis-enforcement-gateway,0.36%,149.8MiB / 3.748GiB,3.90%,3.08MB / 5.55MB,238kB / 234MB
1789309313.5285697,aegis-credential-broker,0.17%,91.14MiB / 3.748GiB,2.38%,3.87MB / 2.23MB,0B / 532kB
1789309313.5285697,aegis-protected-tool,0.14%,68.6MiB / 3.748GiB,1.79%,2.28MB / 1.96MB,0B / 532kB
1789309313.5285697,aegis-bench-runner,0.58%,22.61MiB / 3.748GiB,0.59%,3.64MB / 3.13MB,0B / 73.7kB
1789309317.7461207,aegis-control-plane,0.15%,67.27MiB / 3.748GiB,1.75%,4.55kB / 3.87kB,0B / 4.64MB
1789309317.7461207,aegis-enforcement-gateway,12.33%,159MiB / 3.748GiB,4.14%,3.08MB / 5.55MB,238kB / 234MB
1789309317.7461207,aegis-credential-broker,0.18%,91.14MiB / 3.748GiB,2.38%,3.87MB / 2.23MB,0B / 532kB
1789309317.7461207,aegis-protected-tool,0.13%,68.6MiB / 3.748GiB,1.79%,2.28MB / 1.96MB,0B / 532kB
1789309317.7461207,aegis-bench-runner,0.00%,22.61MiB / 3.748GiB,0.59%,3.64MB / 3.13MB,0B / 73.7kB
1789309321.9915328,aegis-control-plane,0.22%,67.12MiB / 3.748GiB,1.75%,4.55kB / 3.87kB,0B / 4.64MB
1789309321.9915328,aegis-enforcement-gateway,0.21%,149.4MiB / 3.748GiB,3.89%,3.08MB / 5.55MB,238kB / 234MB
1789309321.9915328,aegis-credential-broker,0.22%,91.14MiB / 3.748GiB,2.38%,3.87MB / 2.23MB,0B / 532kB
1789309321.9915328,aegis-protected-tool,0.22%,68.6MiB / 3.748GiB,1.79%,2.28MB / 1.96MB,0B / 532kB
1789309321.9915328,aegis-bench-runner,0.00%,22.61MiB / 3.748GiB,0.59%,3.64MB / 3.13MB,0B / 73.7kB
1789309326.2768993,aegis-control-plane,0.20%,67.26MiB / 3.748GiB,1.75%,4.55kB / 3.87kB,0B / 4.64MB
1789309326.2768993,aegis-enforcement-gateway,5.97%,159MiB / 3.748GiB,4.14%,3.08MB / 5.55MB,238kB / 234MB
1789309326.2768993,aegis-credential-broker,0.24%,91.14MiB / 3.748GiB,2.38%,3.87MB / 2.23MB,0B / 532kB
1789309326.2768993,aegis-protected-tool,0.15%,68.6MiB / 3.748GiB,1.79%,2.28MB / 1.96MB,0B / 532kB
1789309326.2768993,aegis-bench-runner,0.00%,22.61MiB / 3.748GiB,0.59%,3.64MB / 3.13MB,0B / 73.7kB
1789309330.5380757,aegis-control-plane,0.21%,67.6MiB / 3.748GiB,1.76%,4.55kB / 3.87kB,0B / 4.64MB
1789309330.5380757,aegis-enforcement-gateway,0.25%,149.3MiB / 3.748GiB,3.89%,3.08MB / 5.55MB,238kB / 234MB
1789309330.5380757,aegis-credential-broker,0.22%,91.14MiB / 3.748GiB,2.38%,3.87MB / 2.23MB,0B / 532kB
1789309330.5380757,aegis-protected-tool,0.23%,68.6MiB / 3.748GiB,1.79%,2.28MB / 1.96MB,0B / 532kB
1789309330.5380757,aegis-bench-runner,0.00%,22.61MiB / 3.748GiB,0.59%,3.64MB / 3.13MB,0B / 73.7kB
1789309334.8626926,aegis-control-plane,0.20%,67.62MiB / 3.748GiB,1.76%,4.55kB / 3.87kB,0B / 4.64MB
1789309334.8626926,aegis-enforcement-gateway,22.59%,158.4MiB / 3.748GiB,4.13%,3.08MB / 5.55MB,238kB / 234MB
1789309334.8626926,aegis-credential-broker,0.22%,91.14MiB / 3.748GiB,2.38%,3.87MB / 2.23MB,0B / 532kB
1789309334.8626926,aegis-protected-tool,0.22%,68.6MiB / 3.748GiB,1.79%,2.28MB / 1.96MB,0B / 532kB
1789309334.8626926,aegis-bench-runner,0.00%,22.61MiB / 3.748GiB,0.59%,3.64MB / 3.13MB,0B / 73.7kB
1789309339.102394,aegis-control-plane,15.11%,67.63MiB / 3.748GiB,1.76%,4.55kB / 3.87kB,0B / 4.64MB
1789309339.102394,aegis-enforcement-gateway,0.23%,149.3MiB / 3.748GiB,3.89%,3.08MB / 5.55MB,238kB / 234MB
1789309339.102394,aegis-credential-broker,0.16%,91.14MiB / 3.748GiB,2.38%,3.87MB / 2.23MB,0B / 532kB
1789309339.102394,aegis-protected-tool,0.14%,68.6MiB / 3.748GiB,1.79%,2.28MB / 1.96MB,0B / 532kB
1789309339.102394,aegis-bench-runner,0.00%,22.61MiB / 3.748GiB,0.59%,3.64MB / 3.13MB,0B / 73.7kB
1789309343.4267707,aegis-control-plane,0.21%,67.57MiB / 3.748GiB,1.76%,4.55kB / 3.87kB,0B / 4.64MB
1789309343.4267707,aegis-enforcement-gateway,0.52%,158.6MiB / 3.748GiB,4.13%,3.08MB / 5.55MB,238kB / 235MB
1789309343.4267707,aegis-credential-broker,0.19%,91.14MiB / 3.748GiB,2.38%,3.87MB / 2.23MB,0B / 532kB
1789309343.4267707,aegis-protected-tool,0.21%,68.6MiB / 3.748GiB,1.79%,2.28MB / 1.96MB,0B / 532kB
1789309343.4267707,aegis-bench-runner,0.00%,22.61MiB / 3.748GiB,0.59%,3.64MB / 3.13MB,0B / 73.7kB
1789309347.6953225,aegis-control-plane,0.15%,67.35MiB / 3.748GiB,1.76%,4.55kB / 3.87kB,0B / 4.64MB
1789309347.6953225,aegis-enforcement-gateway,0.16%,149.3MiB / 3.748GiB,3.89%,3.08MB / 5.55MB,238kB / 235MB
1789309347.6953225,aegis-credential-broker,0.14%,91.14MiB / 3.748GiB,2.38%,3.87MB / 2.23MB,0B / 532kB
1789309347.6953225,aegis-protected-tool,0.15%,68.6MiB / 3.748GiB,1.79%,2.28MB / 1.96MB,0B / 532kB
1789309347.6953225,aegis-bench-runner,0.00%,22.61MiB / 3.748GiB,0.59%,3.64MB / 3.13MB,0B / 73.7kB
1789309351.9148016,aegis-control-plane,0.15%,67.26MiB / 3.748GiB,1.75%,4.55kB / 3.87kB,0B / 4.64MB
1789309351.9148016,aegis-enforcement-gateway,0.14%,158.6MiB / 3.748GiB,4.13%,3.08MB / 5.55MB,238kB / 235MB
1789309351.9148016,aegis-credential-broker,0.13%,91.14MiB / 3.748GiB,2.38%,3.87MB / 2.23MB,0B / 532kB
1789309351.9148016,aegis-protected-tool,0.14%,68.6MiB / 3.748GiB,1.79%,2.28MB / 1.96MB,0B / 532kB
1789309351.9148016,aegis-bench-runner,0.00%,22.61MiB / 3.748GiB,0.59%,3.64MB / 3.13MB,0B / 73.7kB
1789309356.129762,aegis-control-plane,0.16%,67.34MiB / 3.748GiB,1.75%,4.55kB / 3.87kB,0B / 4.64MB
1789309356.129762,aegis-enforcement-gateway,0.14%,149.7MiB / 3.748GiB,3.90%,3.08MB / 5.55MB,238kB / 235MB
1789309356.129762,aegis-credential-broker,0.15%,91.14MiB / 3.748GiB,2.38%,3.87MB / 2.23MB,0B / 532kB
1789309356.129762,aegis-protected-tool,0.15%,68.6MiB / 3.748GiB,1.79%,2.28MB / 1.96MB,0B / 532kB
1789309356.129762,aegis-bench-runner,0.00%,22.61MiB / 3.748GiB,0.59%,3.64MB / 3.13MB,0B / 73.7kB
1789309360.3749468,aegis-control-plane,16.08%,67.05MiB / 3.748GiB,1.75%,4.55kB / 3.87kB,0B / 4.64MB
1789309360.3749468,aegis-enforcement-gateway,0.17%,159.2MiB / 3.748GiB,4.15%,3.08MB / 5.55MB,238kB / 235MB
1789309360.3749468,aegis-credential-broker,0.15%,91.14MiB / 3.748GiB,2.38%,3.87MB / 2.23MB,0B / 532kB
1789309360.3749468,aegis-protected-tool,0.16%,68.6MiB / 3.748GiB,1.79%,2.28MB / 1.96MB,0B / 532kB
1789309360.3749468,aegis-bench-runner,0.00%,22.61MiB / 3.748GiB,0.59%,3.64MB / 3.13MB,0B / 73.7kB
1789309364.6002958,aegis-control-plane,0.14%,66.9MiB / 3.748GiB,1.74%,4.55kB / 3.87kB,0B / 4.64MB
1789309364.6002958,aegis-enforcement-gateway,0.15%,149.8MiB / 3.748GiB,3.90%,3.08MB / 5.55MB,238kB / 235MB
1789309364.6002958,aegis-credential-broker,0.15%,91.14MiB / 3.748GiB,2.38%,3.87MB / 2.23MB,0B / 532kB
1789309364.6002958,aegis-protected-tool,0.14%,68.6MiB / 3.748GiB,1.79%,2.28MB / 1.96MB,0B / 532kB
1789309364.6002958,aegis-bench-runner,0.00%,22.61MiB / 3.748GiB,0.59%,3.64MB / 3.13MB,0B / 73.7kB
1789309368.8742762,aegis-control-plane,0.21%,67.31MiB / 3.748GiB,1.75%,4.55kB / 3.87kB,0B / 4.64MB
1789309368.8742762,aegis-enforcement-gateway,10.25%,149.3MiB / 3.748GiB,3.89%,3.08MB / 5.55MB,238kB / 235MB
1789309368.8742762,aegis-credential-broker,0.20%,91.14MiB / 3.748GiB,2.38%,3.87MB / 2.23MB,0B / 532kB
1789309368.8742762,aegis-protected-tool,0.23%,68.6MiB / 3.748GiB,1.79%,2.28MB / 1.96MB,0B / 532kB
1789309368.8742762,aegis-bench-runner,0.00%,22.61MiB / 3.748GiB,0.59%,3.64MB / 3.13MB,0B / 73.7kB
1789309373.193016,aegis-control-plane,0.26%,67.38MiB / 3.748GiB,1.76%,4.55kB / 3.87kB,0B / 4.64MB
1789309373.193016,aegis-enforcement-gateway,0.77%,149.6MiB / 3.748GiB,3.90%,3.08MB / 5.55MB,238kB / 235MB
1789309373.193016,aegis-credential-broker,0.29%,91.14MiB / 3.748GiB,2.38%,3.87MB / 2.23MB,0B / 532kB
1789309373.193016,aegis-protected-tool,0.24%,68.6MiB / 3.748GiB,1.79%,2.28MB / 1.96MB,0B / 532kB
1789309373.193016,aegis-bench-runner,0.00%,22.61MiB / 3.748GiB,0.59%,3.64MB / 3.13MB,0B / 73.7kB
1789309377.5518157,aegis-control-plane,0.25%,67.21MiB / 3.748GiB,1.75%,4.55kB / 3.87kB,0B / 4.64MB
1789309377.5518157,aegis-enforcement-gateway,0.64%,149.7MiB / 3.748GiB,3.90%,3.08MB / 5.55MB,238kB / 235MB
1789309377.5518157,aegis-credential-broker,0.28%,91.14MiB / 3.748GiB,2.38%,3.87MB / 2.23MB,0B / 532kB
1789309377.5518157,aegis-protected-tool,0.23%,68.6MiB / 3.748GiB,1.79%,2.28MB / 1.96MB,0B / 532kB
1789309377.5518157,aegis-bench-runner,0.00%,22.61MiB / 3.748GiB,0.59%,3.64MB / 3.13MB,0B / 73.7kB
1789309381.822833,aegis-control-plane,0.14%,67.62MiB / 3.748GiB,1.76%,4.55kB / 3.87kB,0B / 4.64MB
1789309381.822833,aegis-enforcement-gateway,5.72%,154.4MiB / 3.748GiB,4.02%,3.08MB / 5.55MB,238kB / 235MB
1789309381.822833,aegis-credential-broker,0.16%,91.14MiB / 3.748GiB,2.38%,3.87MB / 2.23MB,0B / 532kB
1789309381.822833,aegis-protected-tool,0.18%,68.6MiB / 3.748GiB,1.79%,2.28MB / 1.96MB,0B / 532kB
1789309381.822833,aegis-bench-runner,0.00%,22.61MiB / 3.748GiB,0.59%,3.64MB / 3.13MB,0B / 73.7kB
1789309386.0501406,aegis-control-plane,9.92%,67.29MiB / 3.748GiB,1.75%,4.55kB / 3.87kB,0B / 4.64MB
1789309386.0501406,aegis-enforcement-gateway,0.14%,149.8MiB / 3.748GiB,3.90%,3.08MB / 5.55MB,238kB / 235MB
1789309386.0501406,aegis-credential-broker,0.15%,91.14MiB / 3.748GiB,2.38%,3.87MB / 2.23MB,0B / 532kB
1789309386.0501406,aegis-protected-tool,0.14%,68.6MiB / 3.748GiB,1.79%,2.28MB / 1.96MB,0B / 532kB
1789309386.0501406,aegis-bench-runner,0.00%,22.61MiB / 3.748GiB,0.59%,3.64MB / 3.13MB,0B / 73.7kB
1789309390.2814353,aegis-control-plane,0.15%,67.28MiB / 3.748GiB,1.75%,4.55kB / 3.87kB,0B / 4.64MB
1789309390.2814353,aegis-enforcement-gateway,13.34%,159.1MiB / 3.748GiB,4.15%,3.09MB / 5.55MB,238kB / 235MB
1789309390.2814353,aegis-credential-broker,0.12%,91.14MiB / 3.748GiB,2.38%,3.87MB / 2.23MB,0B / 532kB
1789309390.2814353,aegis-protected-tool,0.15%,68.6MiB / 3.748GiB,1.79%,2.28MB / 1.96MB,0B / 532kB
1789309390.2814353,aegis-bench-runner,0.00%,22.61MiB / 3.748GiB,0.59%,3.64MB / 3.13MB,0B / 73.7kB
1789309394.5020478,aegis-control-plane,0.12%,66.94MiB / 3.748GiB,1.74%,4.55kB / 3.87kB,0B / 4.64MB
1789309394.5020478,aegis-enforcement-gateway,0.16%,149.8MiB / 3.748GiB,3.90%,3.09MB / 5.55MB,238kB / 235MB
1789309394.5020478,aegis-credential-broker,0.14%,91.14MiB / 3.748GiB,2.38%,3.87MB / 2.23MB,0B / 532kB
1789309394.5020478,aegis-protected-tool,0.17%,68.6MiB / 3.748GiB,1.79%,2.28MB / 1.96MB,0B / 532kB
1789309394.5020478,aegis-bench-runner,0.00%,22.61MiB / 3.748GiB,0.59%,3.64MB / 3.13MB,0B / 73.7kB
1789309398.7209277,aegis-control-plane,0.14%,67.3MiB / 3.748GiB,1.75%,4.55kB / 3.87kB,0B / 4.64MB
1789309398.7209277,aegis-enforcement-gateway,18.26%,157.6MiB / 3.748GiB,4.11%,3.09MB / 5.55MB,238kB / 235MB
1789309398.7209277,aegis-credential-broker,0.13%,91.14MiB / 3.748GiB,2.38%,3.87MB / 2.23MB,0B / 532kB
1789309398.7209277,aegis-protected-tool,0.14%,68.6MiB / 3.748GiB,1.79%,2.28MB / 1.96MB,0B / 532kB
1789309398.7209277,aegis-bench-runner,0.00%,22.61MiB / 3.748GiB,0.59%,3.64MB / 3.13MB,0B / 73.7kB
1789309402.9377906,aegis-control-plane,0.14%,67.66MiB / 3.748GiB,1.76%,4.55kB / 3.87kB,0B / 4.64MB
1789309402.9377906,aegis-enforcement-gateway,0.14%,148.4MiB / 3.748GiB,3.87%,3.09MB / 5.55MB,238kB / 235MB
1789309402.9377906,aegis-credential-broker,0.14%,91.14MiB / 3.748GiB,2.38%,3.87MB / 2.23MB,0B / 532kB
1789309402.9377906,aegis-protected-tool,0.13%,68.6MiB / 3.748GiB,1.79%,2.28MB / 1.96MB,0B / 532kB
1789309402.9377906,aegis-bench-runner,0.00%,22.61MiB / 3.748GiB,0.59%,3.64MB / 3.13MB,0B / 73.7kB
1789309407.242729,aegis-control-plane,15.17%,67.32MiB / 3.748GiB,1.75%,4.55kB / 3.87kB,0B / 4.64MB
1789309407.242729,aegis-enforcement-gateway,4.74%,157.4MiB / 3.748GiB,4.10%,3.09MB / 5.55MB,238kB / 235MB
1789309407.242729,aegis-credential-broker,0.21%,91.14MiB / 3.748GiB,2.38%,3.87MB / 2.23MB,0B / 532kB
1789309407.242729,aegis-protected-tool,0.21%,68.6MiB / 3.748GiB,1.79%,2.28MB / 1.96MB,0B / 532kB
1789309407.242729,aegis-bench-runner,0.00%,22.61MiB / 3.748GiB,0.59%,3.64MB / 3.13MB,0B / 73.7kB
1789309411.512878,aegis-control-plane,10.26%,67.55MiB / 3.748GiB,1.76%,4.55kB / 3.87kB,0B / 4.64MB
1789309411.512878,aegis-enforcement-gateway,0.13%,148.2MiB / 3.748GiB,3.86%,3.09MB / 5.55MB,238kB / 235MB
1789309411.512878,aegis-credential-broker,0.18%,91.14MiB / 3.748GiB,2.38%,3.87MB / 2.23MB,0B / 532kB
1789309411.512878,aegis-protected-tool,0.16%,68.6MiB / 3.748GiB,1.79%,2.28MB / 1.96MB,0B / 532kB
1789309411.512878,aegis-bench-runner,0.00%,22.61MiB / 3.748GiB,0.59%,3.64MB / 3.13MB,0B / 73.7kB
1789309415.7481925,aegis-control-plane,0.19%,67.25MiB / 3.748GiB,1.75%,4.55kB / 3.87kB,0B / 4.64MB
1789309415.7481925,aegis-enforcement-gateway,0.24%,157.7MiB / 3.748GiB,4.11%,3.09MB / 5.55MB,238kB / 235MB
1789309415.7481925,aegis-credential-broker,0.22%,91.14MiB / 3.748GiB,2.38%,3.87MB / 2.23MB,0B / 532kB
1789309415.7481925,aegis-protected-tool,0.24%,68.6MiB / 3.748GiB,1.79%,2.28MB / 1.96MB,0B / 532kB
1789309415.7481925,aegis-bench-runner,0.00%,22.61MiB / 3.748GiB,0.59%,3.64MB / 3.13MB,0B / 73.7kB
1789309420.0250037,aegis-control-plane,0.13%,66.97MiB / 3.748GiB,1.75%,4.55kB / 3.87kB,0B / 4.64MB
1789309420.0250037,aegis-enforcement-gateway,0.14%,148.2MiB / 3.748GiB,3.86%,3.09MB / 5.55MB,238kB / 235MB
1789309420.0250037,aegis-credential-broker,0.16%,91.14MiB / 3.748GiB,2.38%,3.87MB / 2.23MB,0B / 532kB
1789309420.0250037,aegis-protected-tool,0.15%,68.6MiB / 3.748GiB,1.79%,2.28MB / 1.96MB,0B / 532kB
1789309420.0250037,aegis-bench-runner,0.00%,22.61MiB / 3.748GiB,0.59%,3.64MB / 3.13MB,0B / 73.7kB
1789309424.3516908,aegis-control-plane,0.20%,67.49MiB / 3.748GiB,1.76%,4.55kB / 3.87kB,0B / 4.64MB
1789309424.3516908,aegis-enforcement-gateway,0.20%,158MiB / 3.748GiB,4.12%,3.09MB / 5.55MB,238kB / 235MB
1789309424.3516908,aegis-credential-broker,0.23%,91.14MiB / 3.748GiB,2.38%,3.87MB / 2.23MB,0B / 532kB
1789309424.3516908,aegis-protected-tool,0.20%,68.6MiB / 3.748GiB,1.79%,2.28MB / 1.96MB,0B / 532kB
1789309424.3516908,aegis-bench-runner,0.00%,22.61MiB / 3.748GiB,0.59%,3.64MB / 3.13MB,0B / 73.7kB
1789309428.5527794,aegis-control-plane,0.13%,67.36MiB / 3.748GiB,1.76%,4.55kB / 3.87kB,0B / 4.64MB
1789309428.5527794,aegis-enforcement-gateway,0.13%,148.6MiB / 3.748GiB,3.87%,3.09MB / 5.55MB,238kB / 235MB
1789309428.5527794,aegis-credential-broker,0.14%,91.14MiB / 3.748GiB,2.38%,3.87MB / 2.23MB,0B / 532kB
1789309428.5527794,aegis-protected-tool,0.13%,68.6MiB / 3.748GiB,1.79%,2.28MB / 1.96MB,0B / 532kB
1789309428.5527794,aegis-bench-runner,0.00%,22.61MiB / 3.748GiB,0.59%,3.64MB / 3.13MB,0B / 73.7kB
1789309432.7741,aegis-control-plane,0.12%,67.36MiB / 3.748GiB,1.76%,4.55kB / 3.87kB,0B / 4.64MB
1789309432.7741,aegis-enforcement-gateway,0.13%,157.6MiB / 3.748GiB,4.11%,3.09MB / 5.55MB,238kB / 235MB
1789309432.7741,aegis-credential-broker,0.15%,91.14MiB / 3.748GiB,2.38%,3.87MB / 2.23MB,0B / 532kB
1789309432.7741,aegis-protected-tool,0.14%,68.6MiB / 3.748GiB,1.79%,2.28MB / 1.96MB,0B / 532kB
1789309432.7741,aegis-bench-runner,0.00%,22.61MiB / 3.748GiB,0.59%,3.64MB / 3.13MB,0B / 73.7kB
1789309437.0073497,aegis-control-plane,0.13%,67.54MiB / 3.748GiB,1.76%,4.55kB / 3.87kB,0B / 4.64MB
1789309437.0073497,aegis-enforcement-gateway,0.14%,148.7MiB / 3.748GiB,3.87%,3.09MB / 5.55MB,238kB / 235MB
1789309437.0073497,aegis-credential-broker,0.13%,91.14MiB / 3.748GiB,2.38%,3.87MB / 2.23MB,0B / 532kB
1789309437.0073497,aegis-protected-tool,0.15%,68.6MiB / 3.748GiB,1.79%,2.28MB / 1.96MB,0B / 532kB
1789309437.0073497,aegis-bench-runner,0.00%,22.61MiB / 3.748GiB,0.59%,3.64MB / 3.13MB,0B / 73.7kB
1789309441.2185333,aegis-control-plane,0.11%,66.96MiB / 3.748GiB,1.74%,4.55kB / 3.87kB,0B / 4.64MB
1789309441.2185333,aegis-enforcement-gateway,0.14%,157.2MiB / 3.748GiB,4.10%,3.09MB / 5.55MB,238kB / 235MB
1789309441.2185333,aegis-credential-broker,0.15%,91.14MiB / 3.748GiB,2.38%,3.87MB / 2.23MB,0B / 532kB
1789309441.2185333,aegis-protected-tool,0.13%,68.6MiB / 3.748GiB,1.79%,2.28MB / 1.96MB,0B / 532kB
1789309441.2185333,aegis-bench-runner,0.00%,22.61MiB / 3.748GiB,0.59%,3.64MB / 3.13MB,0B / 73.7kB
1789309445.4309587,aegis-control-plane,0.14%,67.2MiB / 3.748GiB,1.75%,4.55kB / 3.87kB,0B / 4.64MB
1789309445.4309587,aegis-enforcement-gateway,0.17%,148.3MiB / 3.748GiB,3.86%,3.09MB / 5.55MB,238kB / 235MB
1789309445.4309587,aegis-credential-broker,0.15%,91.14MiB / 3.748GiB,2.38%,3.87MB / 2.23MB,0B / 532kB
1789309445.4309587,aegis-protected-tool,0.14%,68.6MiB / 3.748GiB,1.79%,2.28MB / 1.96MB,0B / 532kB
1789309445.4309587,aegis-bench-runner,0.00%,22.61MiB / 3.748GiB,0.59%,3.64MB / 3.13MB,0B / 73.7kB
1789309449.647892,aegis-control-plane,0.11%,67.3MiB / 3.748GiB,1.75%,4.55kB / 3.87kB,0B / 4.64MB
1789309449.647892,aegis-enforcement-gateway,0.39%,148.4MiB / 3.748GiB,3.87%,3.09MB / 5.55MB,238kB / 235MB
1789309449.647892,aegis-credential-broker,0.13%,91.14MiB / 3.748GiB,2.38%,3.87MB / 2.23MB,0B / 532kB
1789309449.647892,aegis-protected-tool,0.15%,68.6MiB / 3.748GiB,1.79%,2.28MB / 1.96MB,0B / 532kB
1789309449.647892,aegis-bench-runner,0.41%,22.61MiB / 3.748GiB,0.59%,3.64MB / 3.13MB,0B / 73.7kB
1789309453.941144,aegis-control-plane,22.53%,67.7MiB / 3.748GiB,1.76%,4.55kB / 3.87kB,0B / 4.64MB
1789309453.941144,aegis-enforcement-gateway,0.22%,148.4MiB / 3.748GiB,3.87%,3.09MB / 5.55MB,238kB / 235MB
1789309453.941144,aegis-credential-broker,0.24%,91.14MiB / 3.748GiB,2.38%,3.87MB / 2.23MB,0B / 532kB
1789309453.941144,aegis-protected-tool,0.19%,68.6MiB / 3.748GiB,1.79%,2.28MB / 1.96MB,0B / 532kB
1789309453.941144,aegis-bench-runner,0.00%,22.61MiB / 3.748GiB,0.59%,3.64MB / 3.13MB,0B / 73.7kB
1789309458.144474,aegis-control-plane,10.72%,67.3MiB / 3.748GiB,1.75%,4.55kB / 3.87kB,0B / 4.64MB
1789309458.144474,aegis-enforcement-gateway,0.33%,148MiB / 3.748GiB,3.86%,3.09MB / 5.55MB,238kB / 235MB
1789309458.144474,aegis-credential-broker,0.14%,91.14MiB / 3.748GiB,2.38%,3.87MB / 2.23MB,0B / 532kB
1789309458.144474,aegis-protected-tool,0.17%,68.6MiB / 3.748GiB,1.79%,2.28MB / 1.96MB,0B / 532kB
1789309458.144474,aegis-bench-runner,0.00%,22.61MiB / 3.748GiB,0.59%,3.64MB / 3.13MB,0B / 73.7kB
1789309462.3877354,aegis-control-plane,0.12%,67.14MiB / 3.748GiB,1.75%,4.55kB / 3.87kB,0B / 4.64MB
1789309462.3877354,aegis-enforcement-gateway,70.18%,149.4MiB / 3.748GiB,3.89%,3.13MB / 5.59MB,238kB / 244MB
1789309462.3877354,aegis-credential-broker,0.14%,91.14MiB / 3.748GiB,2.38%,3.87MB / 2.23MB,0B / 532kB
1789309462.3877354,aegis-protected-tool,0.14%,68.6MiB / 3.748GiB,1.79%,2.28MB / 1.96MB,0B / 532kB
1789309462.3877354,aegis-bench-runner,8.82%,22.45MiB / 3.748GiB,0.58%,3.66MB / 3.15MB,0B / 73.7kB
1789309466.6220033,aegis-control-plane,0.13%,67.41MiB / 3.748GiB,1.76%,4.55kB / 3.87kB,0B / 4.64MB
1789309466.6220033,aegis-enforcement-gateway,24.69%,149.2MiB / 3.748GiB,3.89%,3.2MB / 5.68MB,238kB / 256MB
1789309466.6220033,aegis-credential-broker,0.14%,91.14MiB / 3.748GiB,2.38%,3.87MB / 2.23MB,0B / 532kB
1789309466.6220033,aegis-protected-tool,0.12%,68.6MiB / 3.748GiB,1.79%,2.28MB / 1.96MB,0B / 532kB
1789309466.6220033,aegis-bench-runner,10.87%,22.55MiB / 3.748GiB,0.59%,3.77MB / 3.24MB,0B / 73.7kB
1789309470.8685505,aegis-control-plane,0.12%,66.81MiB / 3.748GiB,1.74%,4.55kB / 3.87kB,0B / 4.64MB
1789309470.8685505,aegis-enforcement-gateway,88.51%,142.2MiB / 3.748GiB,3.71%,3.29MB / 5.78MB,238kB / 269MB
1789309470.8685505,aegis-credential-broker,0.12%,91.14MiB / 3.748GiB,2.38%,3.87MB / 2.23MB,0B / 532kB
1789309470.8685505,aegis-protected-tool,0.13%,68.6MiB / 3.748GiB,1.79%,2.28MB / 1.96MB,0B / 532kB
1789309470.8685505,aegis-bench-runner,12.77%,22.83MiB / 3.748GiB,0.59%,3.85MB / 3.31MB,0B / 73.7kB
1789309475.1025076,aegis-control-plane,0.13%,67.43MiB / 3.748GiB,1.76%,4.55kB / 3.87kB,0B / 4.64MB
1789309475.1025076,aegis-enforcement-gateway,90.33%,140.5MiB / 3.748GiB,3.66%,3.37MB / 5.87MB,238kB / 280MB
1789309475.1025076,aegis-credential-broker,0.12%,91.14MiB / 3.748GiB,2.38%,3.87MB / 2.23MB,0B / 532kB
1789309475.1025076,aegis-protected-tool,0.15%,68.6MiB / 3.748GiB,1.79%,2.28MB / 1.96MB,0B / 532kB
1789309475.1025076,aegis-bench-runner,13.06%,23.2MiB / 3.748GiB,0.60%,3.97MB / 3.41MB,0B / 73.7kB
1789309479.3420606,aegis-control-plane,14.42%,67.55MiB / 3.748GiB,1.76%,4.55kB / 3.87kB,0B / 4.64MB
1789309479.3420606,aegis-enforcement-gateway,30.73%,140.3MiB / 3.748GiB,3.66%,3.44MB / 5.96MB,238kB / 291MB
1789309479.3420606,aegis-credential-broker,0.14%,91.14MiB / 3.748GiB,2.38%,3.87MB / 2.23MB,0B / 532kB
1789309479.3420606,aegis-protected-tool,0.15%,68.6MiB / 3.748GiB,1.79%,2.28MB / 1.96MB,0B / 532kB
1789309479.3420606,aegis-bench-runner,13.29%,22.92MiB / 3.748GiB,0.60%,4.05MB / 3.48MB,0B / 73.7kB
1789309483.578771,aegis-control-plane,0.14%,67.54MiB / 3.748GiB,1.76%,4.55kB / 3.87kB,0B / 4.64MB
1789309483.578771,aegis-enforcement-gateway,109.76%,141.5MiB / 3.748GiB,3.69%,3.52MB / 6.06MB,238kB / 302MB
1789309483.578771,aegis-credential-broker,0.14%,91.14MiB / 3.748GiB,2.38%,3.87MB / 2.23MB,0B / 532kB
1789309483.578771,aegis-protected-tool,0.14%,68.6MiB / 3.748GiB,1.79%,2.28MB / 1.96MB,0B / 532kB
1789309483.578771,aegis-bench-runner,12.80%,23.14MiB / 3.748GiB,0.60%,4.13MB / 3.55MB,0B / 73.7kB
1789309487.8161113,aegis-control-plane,0.12%,67.46MiB / 3.748GiB,1.76%,4.55kB / 3.87kB,0B / 4.64MB
1789309487.8161113,aegis-enforcement-gateway,58.84%,141.6MiB / 3.748GiB,3.69%,3.59MB / 6.13MB,238kB / 311MB
1789309487.8161113,aegis-credential-broker,0.14%,91.14MiB / 3.748GiB,2.38%,3.87MB / 2.23MB,0B / 532kB
1789309487.8161113,aegis-protected-tool,0.12%,68.6MiB / 3.748GiB,1.79%,2.28MB / 1.96MB,0B / 532kB
1789309487.8161113,aegis-bench-runner,36.69%,24.06MiB / 3.748GiB,0.63%,4.21MB / 3.63MB,0B / 73.7kB
1789309492.0515392,aegis-control-plane,0.12%,67.64MiB / 3.748GiB,1.76%,4.55kB / 3.87kB,0B / 4.64MB
1789309492.0515392,aegis-enforcement-gateway,92.33%,142.4MiB / 3.748GiB,3.71%,3.67MB / 6.23MB,238kB / 321MB
1789309492.0515392,aegis-credential-broker,0.13%,91.14MiB / 3.748GiB,2.38%,3.87MB / 2.23MB,0B / 532kB
1789309492.0515392,aegis-protected-tool,0.13%,68.6MiB / 3.748GiB,1.79%,2.28MB / 1.96MB,0B / 532kB
1789309492.0515392,aegis-bench-runner,13.15%,24.36MiB / 3.748GiB,0.63%,4.3MB / 3.7MB,0B / 73.7kB
1789309496.3156626,aegis-control-plane,0.11%,67.32MiB / 3.748GiB,1.75%,4.55kB / 3.87kB,0B / 4.64MB
1789309496.3156626,aegis-enforcement-gateway,56.18%,143.4MiB / 3.748GiB,3.74%,3.73MB / 6.29MB,238kB / 327MB
1789309496.3156626,aegis-credential-broker,0.11%,91.14MiB / 3.748GiB,2.38%,3.87MB / 2.23MB,0B / 532kB
1789309496.3156626,aegis-protected-tool,0.12%,68.6MiB / 3.748GiB,1.79%,2.28MB / 1.96MB,0B / 532kB
1789309496.3156626,aegis-bench-runner,36.90%,25.34MiB / 3.748GiB,0.66%,4.39MB / 3.78MB,0B / 73.7kB
1789309500.553418,aegis-control-plane,0.11%,67.16MiB / 3.748GiB,1.75%,4.55kB / 3.87kB,0B / 4.64MB
1789309500.553418,aegis-enforcement-gateway,90.20%,145.1MiB / 3.748GiB,3.78%,3.83MB / 6.41MB,238kB / 341MB
1789309500.553418,aegis-credential-broker,0.14%,91.14MiB / 3.748GiB,2.38%,3.87MB / 2.23MB,0B / 532kB
1789309500.553418,aegis-protected-tool,0.12%,68.6MiB / 3.748GiB,1.79%,2.28MB / 1.96MB,0B / 532kB
1789309500.553418,aegis-bench-runner,14.84%,25.38MiB / 3.748GiB,0.66%,4.5MB / 3.88MB,0B / 73.7kB
1789309504.7664523,aegis-control-plane,10.75%,67.45MiB / 3.748GiB,1.76%,4.55kB / 3.87kB,0B / 4.64MB
1789309504.7664523,aegis-enforcement-gateway,9.53%,155.1MiB / 3.748GiB,4.04%,3.9MB / 6.47MB,238kB / 346MB
1789309504.7664523,aegis-credential-broker,0.12%,91.14MiB / 3.748GiB,2.38%,3.87MB / 2.23MB,0B / 532kB
1789309504.7664523,aegis-protected-tool,0.13%,68.6MiB / 3.748GiB,1.79%,2.28MB / 1.96MB,0B / 532kB
1789309504.7664523,aegis-bench-runner,43.36%,26MiB / 3.748GiB,0.68%,4.56MB / 3.95MB,0B / 73.7kB
1789309508.9937978,aegis-control-plane,0.12%,67.45MiB / 3.748GiB,1.76%,4.55kB / 3.87kB,0B / 4.64MB
1789309508.9937978,aegis-enforcement-gateway,0.38%,146MiB / 3.748GiB,3.80%,3.9MB / 6.47MB,238kB / 346MB
1789309508.9937978,aegis-credential-broker,0.13%,91.14MiB / 3.748GiB,2.38%,3.87MB / 2.23MB,0B / 532kB
1789309508.9937978,aegis-protected-tool,0.16%,68.6MiB / 3.748GiB,1.79%,2.28MB / 1.96MB,0B / 532kB
1789309508.9937978,aegis-bench-runner,0.00%,26MiB / 3.748GiB,0.68%,4.56MB / 3.95MB,0B / 73.7kB
1789309513.2914503,aegis-control-plane,0.20%,67.31MiB / 3.748GiB,1.75%,4.55kB / 3.87kB,0B / 4.64MB
1789309513.2914503,aegis-enforcement-gateway,0.22%,154.7MiB / 3.748GiB,4.03%,3.9MB / 6.47MB,238kB / 346MB
1789309513.2914503,aegis-credential-broker,0.18%,91.14MiB / 3.748GiB,2.38%,3.87MB / 2.23MB,0B / 532kB
1789309513.2914503,aegis-protected-tool,0.20%,68.6MiB / 3.748GiB,1.79%,2.28MB / 1.96MB,0B / 532kB
1789309513.2914503,aegis-bench-runner,0.00%,26MiB / 3.748GiB,0.68%,4.56MB / 3.95MB,0B / 73.7kB
1789309517.494254,aegis-control-plane,0.13%,67.5MiB / 3.748GiB,1.76%,4.55kB / 3.87kB,0B / 4.64MB
1789309517.494254,aegis-enforcement-gateway,0.15%,145.4MiB / 3.748GiB,3.79%,3.9MB / 6.47MB,238kB / 346MB
1789309517.494254,aegis-credential-broker,0.15%,91.14MiB / 3.748GiB,2.38%,3.87MB / 2.23MB,0B / 532kB
1789309517.494254,aegis-protected-tool,0.13%,68.6MiB / 3.748GiB,1.79%,2.28MB / 1.96MB,0B / 532kB
1789309517.494254,aegis-bench-runner,0.00%,26MiB / 3.748GiB,0.68%,4.56MB / 3.95MB,0B / 73.7kB
1789309521.7085166,aegis-control-plane,0.12%,67.32MiB / 3.748GiB,1.75%,4.55kB / 3.87kB,0B / 4.64MB
1789309521.7085166,aegis-enforcement-gateway,10.46%,154.6MiB / 3.748GiB,4.03%,3.96MB / 6.49MB,238kB / 346MB
1789309521.7085166,aegis-credential-broker,0.16%,91.14MiB / 3.748GiB,2.38%,3.87MB / 2.23MB,0B / 532kB
1789309521.7085166,aegis-protected-tool,0.11%,68.6MiB / 3.748GiB,1.79%,2.28MB / 1.96MB,0B / 532kB
1789309521.7085166,aegis-bench-runner,0.00%,25.98MiB / 3.748GiB,0.68%,4.58MB / 4.01MB,0B / 73.7kB
1789309526.000993,aegis-control-plane,14.70%,67.01MiB / 3.748GiB,1.75%,4.55kB / 3.87kB,0B / 4.64MB
1789309526.000993,aegis-enforcement-gateway,0.26%,145.5MiB / 3.748GiB,3.79%,3.96MB / 6.49MB,238kB / 346MB
1789309526.000993,aegis-credential-broker,0.24%,91.14MiB / 3.748GiB,2.38%,3.87MB / 2.23MB,0B / 532kB
1789309526.000993,aegis-protected-tool,0.22%,68.6MiB / 3.748GiB,1.79%,2.28MB / 1.96MB,0B / 532kB
1789309526.000993,aegis-bench-runner,0.00%,25.98MiB / 3.748GiB,0.68%,4.58MB / 4.01MB,0B / 73.7kB
1789309530.2853124,aegis-control-plane,0.15%,66.93MiB / 3.748GiB,1.74%,4.55kB / 3.87kB,0B / 4.64MB
1789309530.2853124,aegis-enforcement-gateway,0.13%,154.6MiB / 3.748GiB,4.03%,3.96MB / 6.49MB,238kB / 346MB
1789309530.2853124,aegis-credential-broker,0.14%,91.14MiB / 3.748GiB,2.38%,3.87MB / 2.23MB,0B / 532kB
1789309530.2853124,aegis-protected-tool,0.11%,68.6MiB / 3.748GiB,1.79%,2.28MB / 1.96MB,0B / 532kB
1789309530.2853124,aegis-bench-runner,0.00%,25.98MiB / 3.748GiB,0.68%,4.58MB / 4.01MB,0B / 73.7kB
1789309534.4918902,aegis-control-plane,0.14%,67.52MiB / 3.748GiB,1.76%,4.55kB / 3.87kB,0B / 4.64MB
1789309534.4918902,aegis-enforcement-gateway,70.57%,145.5MiB / 3.748GiB,3.79%,3.99MB / 6.5MB,238kB / 347MB
1789309534.4918902,aegis-credential-broker,0.16%,91.14MiB / 3.748GiB,2.38%,3.87MB / 2.23MB,0B / 532kB
1789309534.4918902,aegis-protected-tool,0.13%,68.6MiB / 3.748GiB,1.79%,2.28MB / 1.96MB,0B / 532kB
1789309534.4918902,aegis-bench-runner,0.00%,25.98MiB / 3.748GiB,0.68%,4.58MB / 4.01MB,0B / 73.7kB
1789309538.703228,aegis-control-plane,0.13%,67.19MiB / 3.748GiB,1.75%,4.55kB / 3.87kB,0B / 4.64MB
1789309538.703228,aegis-enforcement-gateway,0.14%,155.1MiB / 3.748GiB,4.04%,3.99MB / 6.5MB,238kB / 347MB
1789309538.703228,aegis-credential-broker,0.12%,91.14MiB / 3.748GiB,2.38%,3.87MB / 2.23MB,0B / 532kB
1789309538.703228,aegis-protected-tool,0.13%,68.6MiB / 3.748GiB,1.79%,2.28MB / 1.96MB,0B / 532kB
1789309538.703228,aegis-bench-runner,0.00%,25.71MiB / 3.748GiB,0.67%,4.6MB / 4.03MB,0B / 73.7kB
1789309542.933257,aegis-control-plane,0.15%,66.88MiB / 3.748GiB,1.74%,4.55kB / 3.87kB,0B / 4.64MB
1789309542.933257,aegis-enforcement-gateway,0.15%,145.9MiB / 3.748GiB,3.80%,3.99MB / 6.5MB,238kB / 347MB
1789309542.933257,aegis-credential-broker,0.16%,91.14MiB / 3.748GiB,2.38%,3.87MB / 2.23MB,0B / 532kB
1789309542.933257,aegis-protected-tool,0.14%,68.6MiB / 3.748GiB,1.79%,2.28MB / 1.96MB,0B / 532kB
1789309542.933257,aegis-bench-runner,0.00%,25.71MiB / 3.748GiB,0.67%,4.6MB / 4.03MB,0B / 73.7kB
1789309547.212856,aegis-control-plane,22.58%,67.47MiB / 3.748GiB,1.76%,4.55kB / 3.87kB,0B / 4.64MB
1789309547.212856,aegis-enforcement-gateway,0.19%,155.2MiB / 3.748GiB,4.05%,3.99MB / 6.5MB,238kB / 347MB
1789309547.212856,aegis-credential-broker,0.19%,91.14MiB / 3.748GiB,2.38%,3.87MB / 2.23MB,0B / 532kB
1789309547.212856,aegis-protected-tool,0.18%,68.6MiB / 3.748GiB,1.79%,2.28MB / 1.96MB,0B / 532kB
1789309547.212856,aegis-bench-runner,0.00%,25.71MiB / 3.748GiB,0.67%,4.6MB / 4.03MB,0B / 73.7kB
1789309551.427213,aegis-control-plane,0.12%,67.3MiB / 3.748GiB,1.75%,4.55kB / 3.87kB,0B / 4.64MB
1789309551.427213,aegis-enforcement-gateway,0.15%,146MiB / 3.748GiB,3.81%,4.05MB / 6.53MB,238kB / 347MB
1789309551.427213,aegis-credential-broker,0.15%,91.14MiB / 3.748GiB,2.38%,3.87MB / 2.23MB,0B / 532kB
1789309551.427213,aegis-protected-tool,0.13%,68.6MiB / 3.748GiB,1.79%,2.28MB / 1.96MB,0B / 532kB
1789309551.427213,aegis-bench-runner,39.99%,27.36MiB / 3.748GiB,0.71%,4.62MB / 4.1MB,0B / 73.7kB
1789309555.6470277,aegis-control-plane,0.13%,67.5MiB / 3.748GiB,1.76%,4.55kB / 3.87kB,0B / 4.64MB
1789309555.6470277,aegis-enforcement-gateway,0.16%,155.3MiB / 3.748GiB,4.05%,4.05MB / 6.53MB,238kB / 347MB
1789309555.6470277,aegis-credential-broker,0.15%,91.14MiB / 3.748GiB,2.38%,3.87MB / 2.23MB,0B / 532kB
1789309555.6470277,aegis-protected-tool,0.15%,68.6MiB / 3.748GiB,1.79%,2.28MB / 1.96MB,0B / 532kB
1789309555.6470277,aegis-bench-runner,0.00%,27.11MiB / 3.748GiB,0.71%,4.62MB / 4.1MB,0B / 73.7kB
1789309559.8800464,aegis-control-plane,0.14%,67.77MiB / 3.748GiB,1.77%,4.55kB / 3.87kB,0B / 4.64MB
1789309559.8800464,aegis-enforcement-gateway,0.15%,146MiB / 3.748GiB,3.80%,4.05MB / 6.53MB,238kB / 347MB
1789309559.8800464,aegis-credential-broker,0.13%,91.14MiB / 3.748GiB,2.38%,3.87MB / 2.23MB,0B / 532kB
1789309559.8800464,aegis-protected-tool,0.14%,68.6MiB / 3.748GiB,1.79%,2.28MB / 1.96MB,0B / 532kB
1789309559.8800464,aegis-bench-runner,0.00%,27.11MiB / 3.748GiB,0.71%,4.62MB / 4.1MB,0B / 73.7kB
1789309564.1099815,aegis-control-plane,0.16%,67.64MiB / 3.748GiB,1.76%,4.55kB / 3.87kB,0B / 4.64MB
1789309564.1099815,aegis-enforcement-gateway,9.78%,145.3MiB / 3.748GiB,3.79%,4.05MB / 6.53MB,238kB / 347MB
1789309564.1099815,aegis-credential-broker,0.16%,91.14MiB / 3.748GiB,2.38%,3.87MB / 2.23MB,0B / 532kB
1789309564.1099815,aegis-protected-tool,0.13%,68.6MiB / 3.748GiB,1.79%,2.28MB / 1.96MB,0B / 532kB
1789309564.1099815,aegis-bench-runner,0.00%,27.11MiB / 3.748GiB,0.71%,4.62MB / 4.1MB,0B / 73.7kB
1789309568.4178762,aegis-control-plane,0.19%,67.7MiB / 3.748GiB,1.76%,4.55kB / 3.87kB,0B / 4.64MB
1789309568.4178762,aegis-enforcement-gateway,0.22%,144.9MiB / 3.748GiB,3.78%,4.12MB / 6.55MB,238kB / 347MB
1789309568.4178762,aegis-credential-broker,0.18%,91.14MiB / 3.748GiB,2.38%,3.87MB / 2.23MB,0B / 532kB
1789309568.4178762,aegis-protected-tool,0.19%,68.6MiB / 3.748GiB,1.79%,2.28MB / 1.96MB,0B / 532kB
1789309568.4178762,aegis-bench-runner,0.00%,27.6MiB / 3.748GiB,0.72%,4.65MB / 4.17MB,0B / 73.7kB
1789309572.6298726,aegis-control-plane,12.16%,67.8MiB / 3.748GiB,1.77%,4.55kB / 3.87kB,0B / 4.64MB
1789309572.6298726,aegis-enforcement-gateway,0.39%,145.3MiB / 3.748GiB,3.79%,4.12MB / 6.55MB,238kB / 347MB
1789309572.6298726,aegis-credential-broker,0.17%,91.14MiB / 3.748GiB,2.38%,3.87MB / 2.23MB,0B / 532kB
1789309572.6298726,aegis-protected-tool,0.13%,68.6MiB / 3.748GiB,1.79%,2.28MB / 1.96MB,0B / 532kB
1789309572.6298726,aegis-bench-runner,0.00%,27.34MiB / 3.748GiB,0.71%,4.65MB / 4.17MB,0B / 73.7kB
1789309576.8481376,aegis-control-plane,16.56%,67.5MiB / 3.748GiB,1.76%,4.55kB / 3.87kB,0B / 4.64MB
1789309576.8481376,aegis-enforcement-gateway,13.46%,154.9MiB / 3.748GiB,4.04%,4.12MB / 6.55MB,238kB / 347MB
1789309576.8481376,aegis-credential-broker,0.13%,91.14MiB / 3.748GiB,2.38%,3.87MB / 2.23MB,0B / 532kB
1789309576.8481376,aegis-protected-tool,0.13%,68.6MiB / 3.748GiB,1.79%,2.28MB / 1.96MB,0B / 532kB
1789309576.8481376,aegis-bench-runner,0.00%,27.34MiB / 3.748GiB,0.71%,4.65MB / 4.17MB,0B / 73.7kB
1789309581.064961,aegis-control-plane,0.13%,67.5MiB / 3.748GiB,1.76%,4.55kB / 3.87kB,0B / 4.64MB
1789309581.064961,aegis-enforcement-gateway,0.39%,145.7MiB / 3.748GiB,3.80%,4.12MB / 6.55MB,238kB / 347MB
1789309581.064961,aegis-credential-broker,0.12%,91.14MiB / 3.748GiB,2.38%,3.87MB / 2.23MB,0B / 532kB
1789309581.064961,aegis-protected-tool,0.12%,68.6MiB / 3.748GiB,1.79%,2.28MB / 1.96MB,0B / 532kB
1789309581.064961,aegis-bench-runner,0.00%,27.34MiB / 3.748GiB,0.71%,4.65MB / 4.17MB,0B / 73.7kB
1789309585.2802327,aegis-control-plane,0.13%,67.44MiB / 3.748GiB,1.76%,4.55kB / 3.87kB,0B / 4.64MB
1789309585.2802327,aegis-enforcement-gateway,10.99%,154.7MiB / 3.748GiB,4.03%,4.14MB / 6.56MB,238kB / 347MB
1789309585.2802327,aegis-credential-broker,0.12%,91.14MiB / 3.748GiB,2.38%,3.87MB / 2.23MB,0B / 532kB
1789309585.2802327,aegis-protected-tool,0.15%,68.6MiB / 3.748GiB,1.79%,2.28MB / 1.96MB,0B / 532kB
1789309585.2802327,aegis-bench-runner,0.00%,22.64MiB / 3.748GiB,0.59%,4.65MB / 4.19MB,0B / 73.7kB
1789309589.4934957,aegis-control-plane,0.11%,67.36MiB / 3.748GiB,1.76%,4.55kB / 3.87kB,0B / 4.64MB
1789309589.4934957,aegis-enforcement-gateway,0.36%,145.1MiB / 3.748GiB,3.78%,4.14MB / 6.56MB,238kB / 347MB
1789309589.4934957,aegis-credential-broker,0.11%,91.14MiB / 3.748GiB,2.38%,3.87MB / 2.23MB,0B / 532kB
1789309589.4934957,aegis-protected-tool,0.15%,68.6MiB / 3.748GiB,1.79%,2.28MB / 1.96MB,0B / 532kB
1789309589.4934957,aegis-bench-runner,0.00%,22.64MiB / 3.748GiB,0.59%,4.65MB / 4.19MB,0B / 73.7kB
1789309593.7232647,aegis-control-plane,11.92%,67.51MiB / 3.748GiB,1.76%,4.55kB / 3.87kB,0B / 4.64MB
1789309593.7232647,aegis-enforcement-gateway,0.15%,145.1MiB / 3.748GiB,3.78%,4.14MB / 6.56MB,238kB / 347MB
1789309593.7232647,aegis-credential-broker,0.13%,91.14MiB / 3.748GiB,2.38%,3.87MB / 2.23MB,0B / 532kB
1789309593.7232647,aegis-protected-tool,0.12%,68.6MiB / 3.748GiB,1.79%,2.28MB / 1.96MB,0B / 532kB
1789309593.7232647,aegis-bench-runner,0.00%,22.64MiB / 3.748GiB,0.59%,4.65MB / 4.19MB,0B / 73.7kB
1789309597.9398677,aegis-control-plane,11.83%,67.64MiB / 3.748GiB,1.76%,4.55kB / 3.87kB,0B / 4.64MB
1789309597.9398677,aegis-enforcement-gateway,0.95%,145.2MiB / 3.748GiB,3.78%,4.14MB / 6.56MB,238kB / 348MB
1789309597.9398677,aegis-credential-broker,0.15%,91.14MiB / 3.748GiB,2.38%,3.87MB / 2.23MB,0B / 532kB
1789309597.9398677,aegis-protected-tool,0.14%,68.6MiB / 3.748GiB,1.79%,2.28MB / 1.96MB,0B / 532kB
1789309597.9398677,aegis-bench-runner,0.00%,22.64MiB / 3.748GiB,0.59%,4.65MB / 4.19MB,0B / 73.7kB
1789309602.1570537,aegis-control-plane,0.13%,67.5MiB / 3.748GiB,1.76%,4.55kB / 3.87kB,0B / 4.64MB
1789309602.1570537,aegis-enforcement-gateway,0.13%,154.2MiB / 3.748GiB,4.02%,4.14MB / 6.56MB,238kB / 348MB
1789309602.1570537,aegis-credential-broker,0.15%,91.14MiB / 3.748GiB,2.38%,3.87MB / 2.23MB,0B / 532kB
1789309602.1570537,aegis-protected-tool,0.13%,68.6MiB / 3.748GiB,1.79%,2.28MB / 1.96MB,0B / 532kB
1789309602.1570537,aegis-bench-runner,0.00%,23.14MiB / 3.748GiB,0.60%,4.66MB / 4.19MB,0B / 73.7kB
1789309606.3755722,aegis-control-plane,0.13%,67.45MiB / 3.748GiB,1.76%,4.55kB / 3.87kB,0B / 4.64MB
1789309606.3755722,aegis-enforcement-gateway,0.13%,145.2MiB / 3.748GiB,3.78%,4.14MB / 6.56MB,238kB / 348MB
1789309606.3755722,aegis-credential-broker,0.14%,91.14MiB / 3.748GiB,2.38%,3.87MB / 2.23MB,0B / 532kB
1789309606.3755722,aegis-protected-tool,0.13%,68.6MiB / 3.748GiB,1.79%,2.28MB / 1.96MB,0B / 532kB
1789309606.3755722,aegis-bench-runner,0.00%,23.14MiB / 3.748GiB,0.60%,4.66MB / 4.19MB,0B / 73.7kB
1789309610.5890052,aegis-control-plane,0.13%,67.75MiB / 3.748GiB,1.77%,4.55kB / 3.87kB,0B / 4.64MB
1789309610.5890052,aegis-enforcement-gateway,0.37%,145.4MiB / 3.748GiB,3.79%,4.14MB / 6.56MB,238kB / 348MB
1789309610.5890052,aegis-credential-broker,0.14%,91.14MiB / 3.748GiB,2.38%,3.87MB / 2.23MB,0B / 532kB
1789309610.5890052,aegis-protected-tool,0.13%,68.6MiB / 3.748GiB,1.79%,2.28MB / 1.96MB,0B / 532kB
1789309610.5890052,aegis-bench-runner,0.00%,23.14MiB / 3.748GiB,0.60%,4.66MB / 4.19MB,0B / 73.7kB
1789309614.8144734,aegis-control-plane,0.12%,67.29MiB / 3.748GiB,1.75%,4.55kB / 3.87kB,0B / 4.64MB
1789309614.8144734,aegis-enforcement-gateway,0.12%,144.9MiB / 3.748GiB,3.77%,4.15MB / 6.56MB,238kB / 348MB
1789309614.8144734,aegis-credential-broker,0.13%,91.14MiB / 3.748GiB,2.38%,3.87MB / 2.23MB,0B / 532kB
1789309614.8144734,aegis-protected-tool,0.13%,68.6MiB / 3.748GiB,1.79%,2.28MB / 1.96MB,0B / 532kB
1789309614.8144734,aegis-bench-runner,0.00%,23.14MiB / 3.748GiB,0.60%,4.66MB / 4.19MB,0B / 73.7kB
1789309619.0263898,aegis-control-plane,11.64%,67.54MiB / 3.748GiB,1.76%,4.55kB / 3.87kB,0B / 4.64MB
1789309619.0263898,aegis-enforcement-gateway,0.37%,145MiB / 3.748GiB,3.78%,4.15MB / 6.56MB,238kB / 348MB
1789309619.0263898,aegis-credential-broker,0.13%,91.14MiB / 3.748GiB,2.38%,3.87MB / 2.23MB,0B / 532kB
1789309619.0263898,aegis-protected-tool,0.13%,68.6MiB / 3.748GiB,1.79%,2.28MB / 1.96MB,0B / 532kB
1789309619.0263898,aegis-bench-runner,0.00%,23.14MiB / 3.748GiB,0.60%,4.66MB / 4.19MB,0B / 73.7kB
1789309623.263363,aegis-control-plane,21.69%,67.46MiB / 3.748GiB,1.76%,4.55kB / 3.87kB,0B / 4.64MB
1789309623.263363,aegis-enforcement-gateway,0.20%,145MiB / 3.748GiB,3.78%,4.15MB / 6.56MB,238kB / 348MB
1789309623.263363,aegis-credential-broker,0.21%,91.14MiB / 3.748GiB,2.38%,3.87MB / 2.23MB,0B / 532kB
1789309623.263363,aegis-protected-tool,0.22%,68.6MiB / 3.748GiB,1.79%,2.28MB / 1.96MB,0B / 532kB
1789309623.263363,aegis-bench-runner,0.00%,23.14MiB / 3.748GiB,0.60%,4.66MB / 4.19MB,0B / 73.7kB
1789309627.4640477,aegis-control-plane,0.11%,67.29MiB / 3.748GiB,1.75%,4.55kB / 3.87kB,0B / 4.64MB
1789309627.4640477,aegis-enforcement-gateway,0.13%,153.9MiB / 3.748GiB,4.01%,4.15MB / 6.56MB,238kB / 348MB
1789309627.4640477,aegis-credential-broker,0.13%,91.14MiB / 3.748GiB,2.38%,3.87MB / 2.23MB,0B / 532kB
1789309627.4640477,aegis-protected-tool,0.11%,68.6MiB / 3.748GiB,1.79%,2.28MB / 1.96MB,0B / 532kB
1789309627.4640477,aegis-bench-runner,0.00%,23.14MiB / 3.748GiB,0.60%,4.66MB / 4.19MB,0B / 73.7kB
1789309631.6813068,aegis-control-plane,0.12%,67.86MiB / 3.748GiB,1.77%,4.55kB / 3.87kB,0B / 4.64MB
1789309631.6813068,aegis-enforcement-gateway,0.13%,144.9MiB / 3.748GiB,3.77%,4.15MB / 6.56MB,238kB / 348MB
1789309631.6813068,aegis-credential-broker,0.14%,91.14MiB / 3.748GiB,2.38%,3.87MB / 2.23MB,0B / 532kB
1789309631.6813068,aegis-protected-tool,0.13%,68.6MiB / 3.748GiB,1.79%,2.28MB / 1.96MB,0B / 532kB
1789309631.6813068,aegis-bench-runner,0.00%,22.88MiB / 3.748GiB,0.60%,4.66MB / 4.2MB,0B / 73.7kB
1789309635.89087,aegis-control-plane,0.14%,67.33MiB / 3.748GiB,1.75%,4.55kB / 3.87kB,0B / 4.64MB
1789309635.89087,aegis-enforcement-gateway,0.12%,145MiB / 3.748GiB,3.78%,4.15MB / 6.56MB,238kB / 348MB
1789309635.89087,aegis-credential-broker,0.13%,91.14MiB / 3.748GiB,2.38%,3.87MB / 2.23MB,0B / 532kB
1789309635.89087,aegis-protected-tool,0.14%,68.6MiB / 3.748GiB,1.79%,2.28MB / 1.96MB,0B / 532kB
1789309635.89087,aegis-bench-runner,0.00%,22.88MiB / 3.748GiB,0.60%,4.66MB / 4.2MB,0B / 73.7kB
1789309640.1268399,aegis-control-plane,0.17%,67.61MiB / 3.748GiB,1.76%,4.55kB / 3.87kB,0B / 4.64MB
1789309640.1268399,aegis-enforcement-gateway,0.15%,145MiB / 3.748GiB,3.78%,4.15MB / 6.56MB,238kB / 348MB
1789309640.1268399,aegis-credential-broker,0.18%,91.14MiB / 3.748GiB,2.38%,3.87MB / 2.23MB,0B / 532kB
1789309640.1268399,aegis-protected-tool,0.19%,68.6MiB / 3.748GiB,1.79%,2.28MB / 1.96MB,0B / 532kB
1789309640.1268399,aegis-bench-runner,0.00%,22.88MiB / 3.748GiB,0.60%,4.66MB / 4.2MB,0B / 73.7kB
1789309644.4005408,aegis-control-plane,10.56%,67.03MiB / 3.748GiB,1.75%,4.55kB / 3.87kB,0B / 4.64MB
1789309644.4005408,aegis-enforcement-gateway,0.12%,144.9MiB / 3.748GiB,3.78%,4.16MB / 6.57MB,238kB / 348MB
1789309644.4005408,aegis-credential-broker,0.16%,91.14MiB / 3.748GiB,2.38%,3.87MB / 2.23MB,0B / 532kB
1789309644.4005408,aegis-protected-tool,0.13%,68.6MiB / 3.748GiB,1.79%,2.28MB / 1.96MB,0B / 532kB
1789309644.4005408,aegis-bench-runner,0.00%,23.13MiB / 3.748GiB,0.60%,4.66MB / 4.2MB,0B / 73.7kB
1789309648.6121397,aegis-control-plane,0.12%,67.03MiB / 3.748GiB,1.75%,4.55kB / 3.87kB,0B / 4.64MB
1789309648.6121397,aegis-enforcement-gateway,10.45%,154.2MiB / 3.748GiB,4.02%,4.16MB / 6.57MB,238kB / 348MB
1789309648.6121397,aegis-credential-broker,0.13%,91.14MiB / 3.748GiB,2.38%,3.87MB / 2.23MB,0B / 532kB
1789309648.6121397,aegis-protected-tool,0.12%,68.6MiB / 3.748GiB,1.79%,2.28MB / 1.96MB,0B / 532kB
1789309648.6121397,aegis-bench-runner,0.00%,23.13MiB / 3.748GiB,0.60%,4.66MB / 4.2MB,0B / 73.7kB
1789309652.8132741,aegis-control-plane,0.11%,67.2MiB / 3.748GiB,1.75%,4.55kB / 3.87kB,0B / 4.64MB
1789309652.8132741,aegis-enforcement-gateway,0.14%,144.9MiB / 3.748GiB,3.77%,4.16MB / 6.57MB,238kB / 348MB
1789309652.8132741,aegis-credential-broker,0.14%,91.14MiB / 3.748GiB,2.38%,3.87MB / 2.23MB,0B / 532kB
1789309652.8132741,aegis-protected-tool,0.13%,68.6MiB / 3.748GiB,1.79%,2.28MB / 1.96MB,0B / 532kB
1789309652.8132741,aegis-bench-runner,0.00%,23.13MiB / 3.748GiB,0.60%,4.66MB / 4.2MB,0B / 73.7kB
1789309657.0195143,aegis-control-plane,0.13%,67.52MiB / 3.748GiB,1.76%,4.55kB / 3.87kB,0B / 4.64MB
1789309657.0195143,aegis-enforcement-gateway,8.03%,154.1MiB / 3.748GiB,4.01%,4.16MB / 6.57MB,238kB / 348MB
1789309657.0195143,aegis-credential-broker,0.14%,91.14MiB / 3.748GiB,2.38%,3.87MB / 2.23MB,0B / 532kB
1789309657.0195143,aegis-protected-tool,0.14%,68.6MiB / 3.748GiB,1.79%,2.28MB / 1.96MB,0B / 532kB
1789309657.0195143,aegis-bench-runner,0.00%,23.13MiB / 3.748GiB,0.60%,4.66MB / 4.2MB,0B / 73.7kB
1789309661.2462142,aegis-control-plane,0.11%,67.57MiB / 3.748GiB,1.76%,4.55kB / 3.87kB,0B / 4.64MB
1789309661.2462142,aegis-enforcement-gateway,0.14%,145.4MiB / 3.748GiB,3.79%,4.16MB / 6.57MB,238kB / 348MB
1789309661.2462142,aegis-credential-broker,0.14%,91.14MiB / 3.748GiB,2.38%,3.87MB / 2.23MB,0B / 532kB
1789309661.2462142,aegis-protected-tool,0.14%,68.6MiB / 3.748GiB,1.79%,2.28MB / 1.96MB,0B / 532kB
1789309661.2462142,aegis-bench-runner,0.00%,23.12MiB / 3.748GiB,0.60%,4.66MB / 4.2MB,0B / 73.7kB
1789309665.4630952,aegis-control-plane,0.11%,67.19MiB / 3.748GiB,1.75%,4.55kB / 3.87kB,0B / 4.64MB
1789309665.4630952,aegis-enforcement-gateway,0.15%,154MiB / 3.748GiB,4.01%,4.16MB / 6.57MB,238kB / 348MB
1789309665.4630952,aegis-credential-broker,0.14%,91.14MiB / 3.748GiB,2.38%,3.87MB / 2.23MB,0B / 532kB
1789309665.4630952,aegis-protected-tool,0.14%,68.6MiB / 3.748GiB,1.79%,2.28MB / 1.96MB,0B / 532kB
1789309665.4630952,aegis-bench-runner,0.00%,23.12MiB / 3.748GiB,0.60%,4.66MB / 4.2MB,0B / 73.7kB
1789309669.6980484,aegis-control-plane,21.62%,67.43MiB / 3.748GiB,1.76%,4.55kB / 3.87kB,0B / 4.64MB
1789309669.6980484,aegis-enforcement-gateway,0.13%,144.8MiB / 3.748GiB,3.77%,4.16MB / 6.57MB,238kB / 348MB
1789309669.6980484,aegis-credential-broker,0.20%,91.14MiB / 3.748GiB,2.38%,3.87MB / 2.23MB,0B / 532kB
1789309669.6980484,aegis-protected-tool,0.14%,68.6MiB / 3.748GiB,1.79%,2.28MB / 1.96MB,0B / 532kB
1789309669.6980484,aegis-bench-runner,0.00%,23.12MiB / 3.748GiB,0.60%,4.66MB / 4.2MB,0B / 73.7kB
1789309673.9654267,aegis-control-plane,0.15%,67.23MiB / 3.748GiB,1.75%,4.55kB / 3.87kB,0B / 4.64MB
1789309673.9654267,aegis-enforcement-gateway,0.14%,153.9MiB / 3.748GiB,4.01%,4.16MB / 6.57MB,238kB / 348MB
1789309673.9654267,aegis-credential-broker,0.17%,91.14MiB / 3.748GiB,2.38%,3.87MB / 2.23MB,0B / 532kB
1789309673.9654267,aegis-protected-tool,0.19%,68.6MiB / 3.748GiB,1.79%,2.28MB / 1.96MB,0B / 532kB
1789309673.9654267,aegis-bench-runner,0.00%,23.12MiB / 3.748GiB,0.60%,4.66MB / 4.21MB,0B / 73.7kB
1789309678.2076735,aegis-control-plane,0.18%,67.54MiB / 3.748GiB,1.76%,4.55kB / 3.87kB,0B / 4.64MB
1789309678.2076735,aegis-enforcement-gateway,0.21%,144.7MiB / 3.748GiB,3.77%,4.16MB / 6.57MB,238kB / 348MB
1789309678.2076735,aegis-credential-broker,0.19%,91.14MiB / 3.748GiB,2.38%,3.87MB / 2.23MB,0B / 532kB
1789309678.2076735,aegis-protected-tool,0.22%,68.6MiB / 3.748GiB,1.79%,2.28MB / 1.96MB,0B / 532kB
1789309678.2076735,aegis-bench-runner,0.00%,23.12MiB / 3.748GiB,0.60%,4.66MB / 4.21MB,0B / 73.7kB
1789309682.4868016,aegis-control-plane,0.13%,67.58MiB / 3.748GiB,1.76%,4.55kB / 3.87kB,0B / 4.64MB
1789309682.4868016,aegis-enforcement-gateway,0.13%,154.4MiB / 3.748GiB,4.02%,4.16MB / 6.57MB,238kB / 348MB
1789309682.4868016,aegis-credential-broker,0.15%,91.14MiB / 3.748GiB,2.38%,3.87MB / 2.23MB,0B / 532kB
1789309682.4868016,aegis-protected-tool,0.12%,68.6MiB / 3.748GiB,1.79%,2.28MB / 1.96MB,0B / 532kB
1789309682.4868016,aegis-bench-runner,0.00%,23.12MiB / 3.748GiB,0.60%,4.66MB / 4.21MB,0B / 73.7kB
1789309686.695014,aegis-control-plane,14.41%,67.6MiB / 3.748GiB,1.76%,4.55kB / 3.87kB,0B / 4.64MB
1789309686.695014,aegis-enforcement-gateway,0.16%,144.9MiB / 3.748GiB,3.78%,4.16MB / 6.57MB,238kB / 348MB
1789309686.695014,aegis-credential-broker,0.17%,91.14MiB / 3.748GiB,2.38%,3.87MB / 2.23MB,0B / 532kB
1789309686.695014,aegis-protected-tool,0.15%,68.6MiB / 3.748GiB,1.79%,2.28MB / 1.96MB,0B / 532kB
1789309686.695014,aegis-bench-runner,0.00%,23.12MiB / 3.748GiB,0.60%,4.66MB / 4.21MB,0B / 73.7kB
1789309690.9255292,aegis-control-plane,0.11%,67.52MiB / 3.748GiB,1.76%,4.55kB / 3.87kB,0B / 4.64MB
1789309690.9255292,aegis-enforcement-gateway,0.16%,153.8MiB / 3.748GiB,4.01%,4.17MB / 6.57MB,238kB / 348MB
1789309690.9255292,aegis-credential-broker,0.17%,91.14MiB / 3.748GiB,2.38%,3.87MB / 2.23MB,0B / 532kB
1789309690.9255292,aegis-protected-tool,0.15%,68.6MiB / 3.748GiB,1.79%,2.28MB / 1.96MB,0B / 532kB
1789309690.9255292,aegis-bench-runner,0.00%,23.12MiB / 3.748GiB,0.60%,4.66MB / 4.21MB,0B / 73.7kB
1789309695.2044985,aegis-control-plane,0.17%,67.59MiB / 3.748GiB,1.76%,4.55kB / 3.87kB,0B / 4.64MB
1789309695.2044985,aegis-enforcement-gateway,0.22%,144.7MiB / 3.748GiB,3.77%,4.17MB / 6.57MB,238kB / 348MB
1789309695.2044985,aegis-credential-broker,0.17%,91.14MiB / 3.748GiB,2.38%,3.87MB / 2.23MB,0B / 532kB
1789309695.2044985,aegis-protected-tool,0.17%,68.6MiB / 3.748GiB,1.79%,2.28MB / 1.96MB,0B / 532kB
1789309695.2044985,aegis-bench-runner,0.00%,23.12MiB / 3.748GiB,0.60%,4.66MB / 4.21MB,0B / 73.7kB
1789309699.4157133,aegis-control-plane,0.14%,67.61MiB / 3.748GiB,1.76%,4.55kB / 3.87kB,0B / 4.64MB
1789309699.4157133,aegis-enforcement-gateway,0.41%,144.7MiB / 3.748GiB,3.77%,4.17MB / 6.57MB,238kB / 348MB
1789309699.4157133,aegis-credential-broker,0.14%,91.14MiB / 3.748GiB,2.38%,3.87MB / 2.23MB,0B / 532kB
1789309699.4157133,aegis-protected-tool,0.13%,68.6MiB / 3.748GiB,1.79%,2.28MB / 1.96MB,0B / 532kB
1789309699.4157133,aegis-bench-runner,0.00%,23.12MiB / 3.748GiB,0.60%,4.66MB / 4.21MB,0B / 73.7kB
1789309703.6352696,aegis-control-plane,0.14%,67.39MiB / 3.748GiB,1.76%,4.55kB / 3.87kB,0B / 4.64MB
1789309703.6352696,aegis-enforcement-gateway,0.13%,144.8MiB / 3.748GiB,3.77%,4.17MB / 6.57MB,238kB / 348MB
1789309703.6352696,aegis-credential-broker,0.16%,91.14MiB / 3.748GiB,2.38%,3.87MB / 2.23MB,0B / 532kB
1789309703.6352696,aegis-protected-tool,0.13%,68.6MiB / 3.748GiB,1.79%,2.28MB / 1.96MB,0B / 532kB
1789309703.6352696,aegis-bench-runner,1.49%,23.12MiB / 3.748GiB,0.60%,4.66MB / 4.22MB,0B / 73.7kB
1789309707.8504732,aegis-control-plane,0.11%,67.45MiB / 3.748GiB,1.76%,4.55kB / 3.87kB,0B / 4.64MB
1789309707.8504732,aegis-enforcement-gateway,0.33%,145MiB / 3.748GiB,3.78%,4.17MB / 6.57MB,238kB / 348MB
1789309707.8504732,aegis-credential-broker,0.14%,91.14MiB / 3.748GiB,2.38%,3.87MB / 2.23MB,0B / 532kB
1789309707.8504732,aegis-protected-tool,0.11%,68.6MiB / 3.748GiB,1.79%,2.28MB / 1.96MB,0B / 532kB
1789309707.8504732,aegis-bench-runner,0.00%,23.12MiB / 3.748GiB,0.60%,4.66MB / 4.22MB,0B / 73.7kB
1789309712.0733755,aegis-control-plane,0.17%,67.55MiB / 3.748GiB,1.76%,4.55kB / 3.87kB,0B / 4.64MB
1789309712.0733755,aegis-enforcement-gateway,0.15%,145MiB / 3.748GiB,3.78%,4.17MB / 6.57MB,238kB / 348MB
1789309712.0733755,aegis-credential-broker,0.17%,91.14MiB / 3.748GiB,2.38%,3.87MB / 2.23MB,0B / 532kB
1789309712.0733755,aegis-protected-tool,0.14%,68.6MiB / 3.748GiB,1.79%,2.28MB / 1.96MB,0B / 532kB
1789309712.0733755,aegis-bench-runner,0.00%,23.12MiB / 3.748GiB,0.60%,4.66MB / 4.22MB,0B / 73.7kB
1789309716.3634622,aegis-control-plane,10.23%,67.43MiB / 3.748GiB,1.76%,4.55kB / 3.87kB,0B / 4.64MB
1789309716.3634622,aegis-enforcement-gateway,0.50%,145.2MiB / 3.748GiB,3.78%,4.17MB / 6.57MB,238kB / 348MB
1789309716.3634622,aegis-credential-broker,0.19%,91.14MiB / 3.748GiB,2.38%,3.87MB / 2.23MB,0B / 532kB
1789309716.3634622,aegis-protected-tool,0.15%,68.6MiB / 3.748GiB,1.79%,2.28MB / 1.96MB,0B / 532kB
1789309716.3634622,aegis-bench-runner,0.00%,23.12MiB / 3.748GiB,0.60%,4.66MB / 4.22MB,0B / 73.7kB
1789309720.5726764,aegis-control-plane,0.14%,67.25MiB / 3.748GiB,1.75%,4.55kB / 3.87kB,0B / 4.64MB
1789309720.5726764,aegis-enforcement-gateway,1.35%,147.3MiB / 3.748GiB,3.84%,4.17MB / 6.57MB,238kB / 348MB
1789309720.5726764,aegis-credential-broker,0.14%,91.14MiB / 3.748GiB,2.38%,3.87MB / 2.23MB,0B / 532kB
1789309720.5726764,aegis-protected-tool,0.12%,68.6MiB / 3.748GiB,1.79%,2.28MB / 1.96MB,0B / 532kB
1789309720.5726764,aegis-bench-runner,0.00%,23.12MiB / 3.748GiB,0.60%,4.67MB / 4.22MB,0B / 73.7kB
1789309724.7859776,aegis-control-plane,0.14%,67.41MiB / 3.748GiB,1.76%,4.55kB / 3.87kB,0B / 4.64MB
1789309724.7859776,aegis-enforcement-gateway,0.12%,144.8MiB / 3.748GiB,3.77%,4.17MB / 6.57MB,238kB / 348MB
1789309724.7859776,aegis-credential-broker,0.16%,91.14MiB / 3.748GiB,2.38%,3.87MB / 2.23MB,0B / 532kB
1789309724.7859776,aegis-protected-tool,0.16%,68.6MiB / 3.748GiB,1.79%,2.28MB / 1.96MB,0B / 532kB
1789309724.7859776,aegis-bench-runner,0.00%,23.12MiB / 3.748GiB,0.60%,4.67MB / 4.22MB,0B / 73.7kB
1789309728.9998395,aegis-control-plane,0.13%,67.16MiB / 3.748GiB,1.75%,4.55kB / 3.87kB,0B / 4.64MB
1789309728.9998395,aegis-enforcement-gateway,11.18%,154MiB / 3.748GiB,4.01%,4.17MB / 6.57MB,238kB / 348MB
1789309728.9998395,aegis-credential-broker,0.13%,91.14MiB / 3.748GiB,2.38%,3.87MB / 2.23MB,0B / 532kB
1789309728.9998395,aegis-protected-tool,0.13%,68.6MiB / 3.748GiB,1.79%,2.28MB / 1.96MB,0B / 532kB
1789309728.9998395,aegis-bench-runner,0.00%,23.12MiB / 3.748GiB,0.60%,4.67MB / 4.22MB,0B / 73.7kB
1789309733.2981768,aegis-control-plane,22.02%,67.33MiB / 3.748GiB,1.75%,4.55kB / 3.87kB,0B / 4.64MB
1789309733.2981768,aegis-enforcement-gateway,1.47%,145.2MiB / 3.748GiB,3.78%,4.18MB / 6.57MB,238kB / 348MB
1789309733.2981768,aegis-credential-broker,0.21%,91.14MiB / 3.748GiB,2.38%,3.87MB / 2.23MB,0B / 532kB
1789309733.2981768,aegis-protected-tool,0.25%,68.6MiB / 3.748GiB,1.79%,2.28MB / 1.96MB,0B / 532kB
1789309733.2981768,aegis-bench-runner,2.92%,23.12MiB / 3.748GiB,0.60%,4.67MB / 4.22MB,0B / 73.7kB
1789309737.4964554,aegis-control-plane,0.14%,67.23MiB / 3.748GiB,1.75%,4.55kB / 3.87kB,0B / 4.64MB
1789309737.4964554,aegis-enforcement-gateway,9.52%,154.3MiB / 3.748GiB,4.02%,4.18MB / 6.57MB,238kB / 348MB
1789309737.4964554,aegis-credential-broker,0.13%,91.14MiB / 3.748GiB,2.38%,3.87MB / 2.23MB,0B / 532kB
1789309737.4964554,aegis-protected-tool,0.13%,68.6MiB / 3.748GiB,1.79%,2.28MB / 1.96MB,0B / 532kB
1789309737.4964554,aegis-bench-runner,0.00%,23.12MiB / 3.748GiB,0.60%,4.67MB / 4.22MB,0B / 73.7kB
1789309741.7278662,aegis-control-plane,8.92%,69.34MiB / 3.748GiB,1.81%,4.55kB / 3.87kB,0B / 4.64MB
1789309741.7278662,aegis-enforcement-gateway,0.36%,144.6MiB / 3.748GiB,3.77%,4.18MB / 6.57MB,238kB / 348MB
1789309741.7278662,aegis-credential-broker,0.20%,91.14MiB / 3.748GiB,2.38%,3.87MB / 2.23MB,0B / 532kB
1789309741.7278662,aegis-protected-tool,0.15%,68.6MiB / 3.748GiB,1.79%,2.28MB / 1.96MB,0B / 532kB
1789309741.7278662,aegis-bench-runner,0.00%,23.12MiB / 3.748GiB,0.60%,4.67MB / 4.22MB,0B / 73.7kB
1789309745.9942067,aegis-control-plane,0.13%,67.39MiB / 3.748GiB,1.76%,4.55kB / 3.87kB,0B / 4.64MB
1789309745.9942067,aegis-enforcement-gateway,11.95%,154.5MiB / 3.748GiB,4.03%,4.18MB / 6.57MB,238kB / 349MB
1789309745.9942067,aegis-credential-broker,0.14%,91.14MiB / 3.748GiB,2.38%,3.87MB / 2.23MB,0B / 532kB
1789309745.9942067,aegis-protected-tool,0.11%,68.6MiB / 3.748GiB,1.79%,2.28MB / 1.96MB,0B / 532kB
1789309745.9942067,aegis-bench-runner,0.00%,23.12MiB / 3.748GiB,0.60%,4.67MB / 4.22MB,0B / 73.7kB
1789309750.2280061,aegis-control-plane,0.15%,67.22MiB / 3.748GiB,1.75%,4.55kB / 3.87kB,0B / 4.64MB
1789309750.2280061,aegis-enforcement-gateway,0.25%,145.6MiB / 3.748GiB,3.79%,4.18MB / 6.58MB,238kB / 349MB
1789309750.2280061,aegis-credential-broker,0.23%,91.14MiB / 3.748GiB,2.38%,3.87MB / 2.23MB,0B / 532kB
1789309750.2280061,aegis-protected-tool,0.21%,68.6MiB / 3.748GiB,1.79%,2.28MB / 1.96MB,0B / 532kB
1789309750.2280061,aegis-bench-runner,0.00%,23.12MiB / 3.748GiB,0.60%,4.67MB / 4.23MB,0B / 73.7kB
1789309754.4952462,aegis-control-plane,0.14%,67.67MiB / 3.748GiB,1.76%,4.55kB / 3.87kB,0B / 4.64MB
1789309754.4952462,aegis-enforcement-gateway,0.13%,154.5MiB / 3.748GiB,4.03%,4.18MB / 6.58MB,238kB / 349MB
1789309754.4952462,aegis-credential-broker,0.17%,91.14MiB / 3.748GiB,2.38%,3.87MB / 2.23MB,0B / 532kB
1789309754.4952462,aegis-protected-tool,0.14%,68.6MiB / 3.748GiB,1.79%,2.28MB / 1.96MB,0B / 532kB
1789309754.4952462,aegis-bench-runner,0.00%,23.12MiB / 3.748GiB,0.60%,4.67MB / 4.23MB,0B / 73.7kB
1789309758.701868,aegis-control-plane,0.13%,67.45MiB / 3.748GiB,1.76%,4.55kB / 3.87kB,0B / 4.64MB
1789309758.701868,aegis-enforcement-gateway,0.14%,145.2MiB / 3.748GiB,3.78%,4.18MB / 6.58MB,238kB / 349MB
1789309758.701868,aegis-credential-broker,0.11%,91.14MiB / 3.748GiB,2.38%,3.87MB / 2.23MB,0B / 532kB
1789309758.701868,aegis-protected-tool,0.14%,68.6MiB / 3.748GiB,1.79%,2.28MB / 1.96MB,0B / 532kB
1789309758.701868,aegis-bench-runner,0.00%,23.12MiB / 3.748GiB,0.60%,4.67MB / 4.23MB,0B / 73.7kB
1789309762.907357,aegis-control-plane,0.12%,67.27MiB / 3.748GiB,1.75%,4.55kB / 3.87kB,0B / 4.64MB
1789309762.907357,aegis-enforcement-gateway,0.84%,154.1MiB / 3.748GiB,4.02%,4.19MB / 6.58MB,238kB / 349MB
1789309762.907357,aegis-credential-broker,0.12%,91.14MiB / 3.748GiB,2.38%,3.87MB / 2.23MB,0B / 532kB
1789309762.907357,aegis-protected-tool,0.14%,68.6MiB / 3.748GiB,1.79%,2.28MB / 1.96MB,0B / 532kB
1789309762.907357,aegis-bench-runner,2.09%,23.38MiB / 3.748GiB,0.61%,4.67MB / 4.23MB,0B / 73.7kB
1789309767.126989,aegis-control-plane,0.12%,67MiB / 3.748GiB,1.75%,4.55kB / 3.87kB,0B / 4.64MB
1789309767.126989,aegis-enforcement-gateway,0.13%,145.2MiB / 3.748GiB,3.78%,4.19MB / 6.58MB,238kB / 349MB
1789309767.126989,aegis-credential-broker,0.13%,91.14MiB / 3.748GiB,2.38%,3.87MB / 2.23MB,0B / 532kB
1789309767.126989,aegis-protected-tool,0.13%,68.6MiB / 3.748GiB,1.79%,2.28MB / 1.96MB,0B / 532kB
1789309767.126989,aegis-bench-runner,0.00%,23.38MiB / 3.748GiB,0.61%,4.67MB / 4.23MB,0B / 73.7kB
1789309771.337187,aegis-control-plane,0.12%,67.09MiB / 3.748GiB,1.75%,4.55kB / 3.87kB,0B / 4.64MB
1789309771.337187,aegis-enforcement-gateway,0.16%,153.9MiB / 3.748GiB,4.01%,4.19MB / 6.58MB,238kB / 349MB
1789309771.337187,aegis-credential-broker,0.12%,91.14MiB / 3.748GiB,2.38%,3.87MB / 2.23MB,0B / 532kB
1789309771.337187,aegis-protected-tool,0.14%,68.6MiB / 3.748GiB,1.79%,2.28MB / 1.96MB,0B / 532kB
1789309771.337187,aegis-bench-runner,0.00%,23.38MiB / 3.748GiB,0.61%,4.67MB / 4.23MB,0B / 73.7kB
1789309775.555003,aegis-control-plane,0.13%,67.12MiB / 3.748GiB,1.75%,4.55kB / 3.87kB,0B / 4.64MB
1789309775.555003,aegis-enforcement-gateway,74.45%,147.6MiB / 3.748GiB,3.85%,4.19MB / 6.59MB,238kB / 350MB
1789309775.555003,aegis-credential-broker,17.74%,91.12MiB / 3.748GiB,2.37%,3.89MB / 2.25MB,0B / 532kB
1789309775.555003,aegis-protected-tool,3.86%,68.6MiB / 3.748GiB,1.79%,2.29MB / 1.96MB,0B / 532kB
1789309775.555003,aegis-bench-runner,0.00%,23.38MiB / 3.748GiB,0.61%,4.67MB / 4.23MB,0B / 73.7kB
1789309779.774622,aegis-control-plane,13.46%,67.44MiB / 3.748GiB,1.76%,4.55kB / 3.87kB,0B / 4.64MB
1789309779.774622,aegis-enforcement-gateway,124.87%,162MiB / 3.748GiB,4.22%,4.33MB / 6.95MB,238kB / 360MB
1789309779.774622,aegis-credential-broker,51.94%,90MiB / 3.748GiB,2.35%,4.24MB / 2.45MB,0B / 532kB
1789309779.774622,aegis-protected-tool,10.77%,68.93MiB / 3.748GiB,1.80%,2.4MB / 2.05MB,0B / 532kB
1789309779.774622,aegis-bench-runner,10.27%,23.16MiB / 3.748GiB,0.60%,4.77MB / 4.28MB,0B / 73.7kB
1789309784.0218592,aegis-control-plane,9.68%,76.69MiB / 3.748GiB,2.00%,4.55kB / 3.87kB,0B / 4.64MB
1789309784.0218592,aegis-enforcement-gateway,0.14%,162.9MiB / 3.748GiB,4.25%,4.41MB / 7.14MB,238kB / 364MB
1789309784.0218592,aegis-credential-broker,8.72%,89.69MiB / 3.748GiB,2.34%,4.41MB / 2.55MB,0B / 532kB
1789309784.0218592,aegis-protected-tool,0.16%,68.82MiB / 3.748GiB,1.79%,2.45MB / 2.1MB,0B / 532kB
1789309784.0218592,aegis-bench-runner,0.00%,1.898MiB / 3.748GiB,0.05%,4.83MB / 4.31MB,0B / 73.7kB
1789309788.2839851,aegis-control-plane,15.02%,67.18MiB / 3.748GiB,1.75%,4.55kB / 3.87kB,0B / 4.64MB
1789309788.2839851,aegis-enforcement-gateway,16.10%,152MiB / 3.748GiB,3.96%,4.41MB / 7.14MB,238kB / 364MB
1789309788.2839851,aegis-credential-broker,0.15%,89.69MiB / 3.748GiB,2.34%,4.41MB / 2.55MB,0B / 532kB
1789309788.2839851,aegis-protected-tool,0.13%,68.82MiB / 3.748GiB,1.79%,2.45MB / 2.1MB,0B / 532kB
1789309788.2839851,aegis-bench-runner,0.00%,1.898MiB / 3.748GiB,0.05%,4.83MB / 4.31MB,0B / 73.7kB
1789309792.5338569,aegis-control-plane,0.14%,67.12MiB / 3.748GiB,1.75%,4.55kB / 3.87kB,0B / 4.64MB
1789309792.5338569,aegis-enforcement-gateway,127.27%,150.6MiB / 3.748GiB,3.92%,4.52MB / 7.4MB,238kB / 372MB
1789309792.5338569,aegis-credential-broker,54.39%,90.17MiB / 3.748GiB,2.35%,4.58MB / 2.64MB,0B / 532kB
1789309792.5338569,aegis-protected-tool,11.26%,68.66MiB / 3.748GiB,1.79%,2.53MB / 2.16MB,0B / 532kB
1789309792.5338569,aegis-bench-runner,10.05%,22.92MiB / 3.748GiB,0.60%,4.92MB / 4.36MB,0B / 73.7kB
1789309796.7814925,aegis-control-plane,0.13%,67.31MiB / 3.748GiB,1.75%,4.55kB / 3.87kB,0B / 4.64MB
1789309796.7814925,aegis-enforcement-gateway,124.66%,151.3MiB / 3.748GiB,3.94%,4.66MB / 7.75MB,238kB / 381MB
1789309796.7814925,aegis-credential-broker,57.47%,90.32MiB / 3.748GiB,2.35%,4.97MB / 2.87MB,0B / 532kB
1789309796.7814925,aegis-protected-tool,10.67%,68.8MiB / 3.748GiB,1.79%,2.63MB / 2.24MB,0B / 532kB
1789309796.7814925,aegis-bench-runner,10.34%,23.12MiB / 3.748GiB,0.60%,5MB / 4.41MB,0B / 73.7kB
1789309800.9847379,aegis-control-plane,0.13%,66.92MiB / 3.748GiB,1.74%,4.55kB / 3.87kB,0B / 4.64MB
1789309800.9847379,aegis-enforcement-gateway,0.14%,151MiB / 3.748GiB,3.94%,4.68MB / 7.8MB,238kB / 382MB
1789309800.9847379,aegis-credential-broker,0.15%,90.03MiB / 3.748GiB,2.35%,5.02MB / 2.9MB,0B / 532kB
1789309800.9847379,aegis-protected-tool,0.13%,69.03MiB / 3.748GiB,1.80%,2.65MB / 2.25MB,0B / 532kB
1789309800.9847379,aegis-bench-runner,0.00%,2.195MiB / 3.748GiB,0.06%,5.05MB / 4.43MB,0B / 73.7kB
1789309805.2532923,aegis-control-plane,0.13%,67.29MiB / 3.748GiB,1.75%,4.55kB / 3.87kB,0B / 4.64MB
1789309805.2532923,aegis-enforcement-gateway,126.27%,150.4MiB / 3.748GiB,3.92%,4.76MB / 7.98MB,238kB / 386MB
1789309805.2532923,aegis-credential-broker,58.16%,90.5MiB / 3.748GiB,2.36%,5.18MB / 2.99MB,0B / 532kB
1789309805.2532923,aegis-protected-tool,10.80%,68.95MiB / 3.748GiB,1.80%,2.7MB / 2.3MB,0B / 532kB
1789309805.2532923,aegis-bench-runner,10.40%,22.56MiB / 3.748GiB,0.59%,5.08MB / 4.45MB,0B / 73.7kB
1789309809.4950793,aegis-control-plane,16.86%,67.23MiB / 3.748GiB,1.75%,4.55kB / 3.87kB,0B / 4.64MB
1789309809.4950793,aegis-enforcement-gateway,143.17%,151.1MiB / 3.748GiB,3.94%,4.87MB / 8.24MB,238kB / 393MB
1789309809.4950793,aegis-credential-broker,50.99%,91.32MiB / 3.748GiB,2.38%,5.49MB / 3.17MB,0B / 532kB
1789309809.4950793,aegis-protected-tool,10.20%,69.28MiB / 3.748GiB,1.81%,2.8MB / 2.38MB,0B / 532kB
1789309809.4950793,aegis-bench-runner,10.15%,23.13MiB / 3.748GiB,0.60%,5.22MB / 4.53MB,0B / 73.7kB
1789309813.7062075,aegis-control-plane,0.17%,67.23MiB / 3.748GiB,1.75%,4.55kB / 3.87kB,0B / 4.64MB
1789309813.7062075,aegis-enforcement-gateway,10.19%,152.5MiB / 3.748GiB,3.97%,4.96MB / 8.47MB,238kB / 399MB
1789309813.7062075,aegis-credential-broker,0.13%,91.53MiB / 3.748GiB,2.39%,5.62MB / 3.24MB,0B / 532kB
1789309813.7062075,aegis-protected-tool,0.14%,68.95MiB / 3.748GiB,1.80%,2.84MB / 2.41MB,0B / 532kB
1789309813.7062075,aegis-bench-runner,0.00%,1.918MiB / 3.748GiB,0.05%,5.26MB / 4.55MB,0B / 73.7kB
1789309817.9286244,aegis-control-plane,0.13%,67.59MiB / 3.748GiB,1.76%,4.55kB / 3.87kB,0B / 4.64MB
1789309817.9286244,aegis-enforcement-gateway,93.43%,154MiB / 3.748GiB,4.01%,4.99MB / 8.53MB,238kB / 401MB
1789309817.9286244,aegis-credential-broker,39.24%,91.78MiB / 3.748GiB,2.39%,5.68MB / 3.28MB,0B / 532kB
1789309817.9286244,aegis-protected-tool,7.24%,69.18MiB / 3.748GiB,1.80%,2.86MB / 2.43MB,0B / 532kB
1789309817.9286244,aegis-bench-runner,28.16%,23.45MiB / 3.748GiB,0.61%,5.27MB / 4.56MB,0B / 73.7kB
1789309822.1904685,aegis-control-plane,0.14%,67.68MiB / 3.748GiB,1.76%,4.55kB / 3.87kB,0B / 4.64MB
1789309822.1904685,aegis-enforcement-gateway,126.30%,157.7MiB / 3.748GiB,4.11%,5.13MB / 8.88MB,238kB / 410MB
1789309822.1904685,aegis-credential-broker,60.34%,92.42MiB / 3.748GiB,2.41%,5.99MB / 3.46MB,0B / 532kB
1789309822.1904685,aegis-protected-tool,11.71%,69.02MiB / 3.748GiB,1.80%,2.96MB / 2.51MB,0B / 532kB
1789309822.1904685,aegis-bench-runner,10.35%,23.67MiB / 3.748GiB,0.62%,5.37MB / 4.61MB,0B / 73.7kB
1789309826.447184,aegis-control-plane,0.14%,67.61MiB / 3.748GiB,1.76%,4.55kB / 3.87kB,0B / 4.64MB
1789309826.447184,aegis-enforcement-gateway,3.64%,158.9MiB / 3.748GiB,4.14%,5.24MB / 9.14MB,238kB / 416MB
1789309826.447184,aegis-credential-broker,1.65%,92.53MiB / 3.748GiB,2.41%,6.23MB / 3.59MB,0B / 532kB
1789309826.447184,aegis-protected-tool,9.75%,68.95MiB / 3.748GiB,1.80%,3.03MB / 2.57MB,0B / 532kB
1789309826.447184,aegis-bench-runner,5.19%,2.02MiB / 3.748GiB,0.05%,5.48MB / 4.67MB,0B / 73.7kB
1789309830.66297,aegis-control-plane,11.76%,67.98MiB / 3.748GiB,1.77%,4.55kB / 3.87kB,0B / 4.64MB
1789309830.66297,aegis-enforcement-gateway,0.15%,158.4MiB / 3.748GiB,4.13%,5.24MB / 9.14MB,238kB / 416MB
1789309830.66297,aegis-credential-broker,0.14%,92.53MiB / 3.748GiB,2.41%,6.23MB / 3.59MB,0B / 532kB
1789309830.66297,aegis-protected-tool,0.15%,68.95MiB / 3.748GiB,1.80%,3.03MB / 2.57MB,0B / 532kB
1789309830.66297,aegis-bench-runner,0.00%,1.879MiB / 3.748GiB,0.05%,5.48MB / 4.67MB,0B / 73.7kB
1789309834.9255512,aegis-control-plane,17.59%,67.73MiB / 3.748GiB,1.76%,4.55kB / 3.87kB,0B / 4.64MB
1789309834.9255512,aegis-enforcement-gateway,156.20%,159.2MiB / 3.748GiB,4.15%,5.36MB / 9.42MB,238kB / 424MB
1789309834.9255512,aegis-credential-broker,56.46%,91.3MiB / 3.748GiB,2.38%,6.49MB / 3.74MB,0B / 532kB
1789309834.9255512,aegis-protected-tool,11.73%,69.38MiB / 3.748GiB,1.81%,3.11MB / 2.64MB,0B / 532kB
1789309834.9255512,aegis-bench-runner,10.42%,23.51MiB / 3.748GiB,0.61%,5.55MB / 4.71MB,0B / 73.7kB
1789309839.1869376,aegis-control-plane,0.14%,67.73MiB / 3.748GiB,1.76%,4.55kB / 3.87kB,0B / 4.64MB
1789309839.1869376,aegis-enforcement-gateway,133.98%,160.1MiB / 3.748GiB,4.17%,5.5MB / 9.77MB,238kB / 432MB
1789309839.1869376,aegis-credential-broker,57.18%,90.95MiB / 3.748GiB,2.37%,6.8MB / 3.92MB,0B / 532kB
1789309839.1869376,aegis-protected-tool,11.71%,69.25MiB / 3.748GiB,1.80%,3.21MB / 2.72MB,0B / 532kB
1789309839.1869376,aegis-bench-runner,9.51%,23.77MiB / 3.748GiB,0.62%,5.67MB / 4.77MB,0B / 73.7kB
1789309843.4041436,aegis-control-plane,0.14%,67.72MiB / 3.748GiB,1.76%,4.55kB / 3.87kB,0B / 4.64MB
1789309843.4041436,aegis-enforcement-gateway,0.14%,158MiB / 3.748GiB,4.12%,5.51MB / 9.8MB,238kB / 433MB
1789309843.4041436,aegis-credential-broker,0.15%,90.94MiB / 3.748GiB,2.37%,6.83MB / 3.94MB,0B / 532kB
1789309843.4041436,aegis-protected-tool,0.12%,69.24MiB / 3.748GiB,1.80%,3.22MB / 2.73MB,0B / 532kB
1789309843.4041436,aegis-bench-runner,0.00%,2.477MiB / 3.748GiB,0.06%,5.7MB / 4.79MB,0B / 73.7kB
1789309847.6828203,aegis-control-plane,0.13%,67.51MiB / 3.748GiB,1.76%,4.55kB / 3.87kB,0B / 4.64MB
1789309847.6828203,aegis-enforcement-gateway,132.13%,157.3MiB / 3.748GiB,4.10%,5.59MB / 9.97MB,238kB / 438MB
1789309847.6828203,aegis-credential-broker,54.11%,91.36MiB / 3.748GiB,2.38%,6.98MB / 4.03MB,0B / 532kB
1789309847.6828203,aegis-protected-tool,10.75%,69.22MiB / 3.748GiB,1.80%,3.27MB / 2.76MB,0B / 532kB
1789309847.6828203,aegis-bench-runner,9.77%,23.34MiB / 3.748GiB,0.61%,5.73MB / 4.81MB,0B / 73.7kB
1789309851.9394693,aegis-control-plane,0.13%,67.43MiB / 3.748GiB,1.76%,4.55kB / 3.87kB,0B / 4.64MB
1789309851.9394693,aegis-enforcement-gateway,127.51%,158.4MiB / 3.748GiB,4.13%,5.73MB / 10.3MB,238kB / 446MB
1789309851.9394693,aegis-credential-broker,54.43%,91.16MiB / 3.748GiB,2.38%,7.29MB / 4.21MB,0B / 532kB
1789309851.9394693,aegis-protected-tool,10.52%,68.61MiB / 3.748GiB,1.79%,3.37MB / 2.85MB,0B / 532kB
1789309851.9394693,aegis-bench-runner,10.01%,23.67MiB / 3.748GiB,0.62%,5.84MB / 4.87MB,0B / 73.7kB
1789309856.1475918,aegis-control-plane,10.28%,67.22MiB / 3.748GiB,1.75%,4.55kB / 3.87kB,0B / 4.64MB
1789309856.1475918,aegis-enforcement-gateway,0.13%,159.6MiB / 3.748GiB,4.16%,5.79MB / 10.5MB,238kB / 450MB
1789309856.1475918,aegis-credential-broker,0.17%,91.07MiB / 3.748GiB,2.37%,7.44MB / 4.29MB,0B / 532kB
1789309856.1475918,aegis-protected-tool,0.15%,68.82MiB / 3.748GiB,1.79%,3.42MB / 2.88MB,0B / 532kB
1789309856.1475918,aegis-bench-runner,0.00%,2.176MiB / 3.748GiB,0.06%,5.92MB / 4.91MB,0B / 73.7kB
1789309860.388339,aegis-control-plane,0.16%,67.09MiB / 3.748GiB,1.75%,4.55kB / 3.87kB,0B / 4.64MB
1789309860.388339,aegis-enforcement-gateway,128.33%,162.5MiB / 3.748GiB,4.24%,5.82MB / 10.5MB,238kB / 452MB
1789309860.388339,aegis-credential-broker,44.92%,91.05MiB / 3.748GiB,2.37%,7.5MB / 4.33MB,0B / 532kB
1789309860.388339,aegis-protected-tool,9.10%,69.07MiB / 3.748GiB,1.80%,3.44MB / 2.9MB,0B / 532kB
1789309860.388339,aegis-bench-runner,25.48%,22.14MiB / 3.748GiB,0.58%,5.92MB / 4.91MB,0B / 73.7kB
1789309864.6510835,aegis-control-plane,0.13%,67.25MiB / 3.748GiB,1.75%,4.55kB / 3.87kB,0B / 4.64MB
1789309864.6510835,aegis-enforcement-gateway,128.55%,166.8MiB / 3.748GiB,4.35%,5.96MB / 10.8MB,238kB / 460MB
1789309864.6510835,aegis-credential-broker,50.26%,91.48MiB / 3.748GiB,2.38%,7.77MB / 4.48MB,0B / 532kB
1789309864.6510835,aegis-protected-tool,10.30%,69.49MiB / 3.748GiB,1.81%,3.52MB / 2.97MB,0B / 532kB
1789309864.6510835,aegis-bench-runner,10.06%,24.41MiB / 3.748GiB,0.64%,6.02MB / 4.98MB,0B / 73.7kB
1789309868.8853729,aegis-control-plane,0.12%,67.37MiB / 3.748GiB,1.76%,4.55kB / 3.87kB,0B / 4.64MB
1789309868.8853729,aegis-enforcement-gateway,86.41%,173.9MiB / 3.748GiB,4.53%,6.08MB / 11.2MB,238kB / 468MB
1789309868.8853729,aegis-credential-broker,41.69%,91.54MiB / 3.748GiB,2.39%,8.06MB / 4.65MB,0B / 532kB
1789309868.8853729,aegis-protected-tool,8.85%,69.2MiB / 3.748GiB,1.80%,3.61MB / 3.04MB,0B / 532kB
1789309868.8853729,aegis-bench-runner,14.62%,2.547MiB / 3.748GiB,0.07%,6.15MB / 5.04MB,0B / 73.7kB
1789309873.0964532,aegis-control-plane,0.15%,67.7MiB / 3.748GiB,1.76%,4.55kB / 3.87kB,0B / 4.64MB
1789309873.0964532,aegis-enforcement-gateway,0.15%,174MiB / 3.748GiB,4.53%,6.08MB / 11.2MB,238kB / 468MB
1789309873.0964532,aegis-credential-broker,0.13%,91.54MiB / 3.748GiB,2.39%,8.06MB / 4.65MB,0B / 532kB
1789309873.0964532,aegis-protected-tool,0.14%,69.2MiB / 3.748GiB,1.80%,3.61MB / 3.04MB,0B / 532kB
1789309873.0964532,aegis-bench-runner,0.00%,2.172MiB / 3.748GiB,0.06%,6.15MB / 5.04MB,0B / 73.7kB
1789309877.3512118,aegis-control-plane,0.15%,67.45MiB / 3.748GiB,1.76%,4.55kB / 3.87kB,0B / 4.64MB
1789309877.3512118,aegis-enforcement-gateway,132.08%,175.6MiB / 3.748GiB,4.58%,6.16MB / 11.3MB,238kB / 472MB
1789309877.3512118,aegis-credential-broker,49.85%,91.51MiB / 3.748GiB,2.38%,8.2MB / 4.73MB,0B / 532kB
1789309877.3512118,aegis-protected-tool,3.57%,68.91MiB / 3.748GiB,1.80%,3.64MB / 3.06MB,0B / 532kB
1789309877.3512118,aegis-bench-runner,15.64%,24MiB / 3.748GiB,0.63%,6.21MB / 5.08MB,0B / 73.7kB
1789309881.6050901,aegis-control-plane,0.13%,67.45MiB / 3.748GiB,1.76%,4.55kB / 3.87kB,0B / 4.64MB
1789309881.6050901,aegis-enforcement-gateway,158.46%,177.1MiB / 3.748GiB,4.61%,6.29MB / 11.6MB,238kB / 481MB
1789309881.6050901,aegis-credential-broker,55.62%,91.35MiB / 3.748GiB,2.38%,8.49MB / 4.9MB,0B / 532kB
1789309881.6050901,aegis-protected-tool,11.62%,68.79MiB / 3.748GiB,1.79%,3.75MB / 3.16MB,0B / 532kB
1789309881.6050901,aegis-bench-runner,10.79%,24.12MiB / 3.748GiB,0.63%,6.31MB / 5.14MB,0B / 73.7kB
1789309885.8502407,aegis-control-plane,0.12%,67.59MiB / 3.748GiB,1.76%,4.55kB / 3.87kB,0B / 4.64MB
1789309885.8502407,aegis-enforcement-gateway,0.13%,177.9MiB / 3.748GiB,4.64%,6.37MB / 11.8MB,238kB / 486MB
1789309885.8502407,aegis-credential-broker,0.17%,91.27MiB / 3.748GiB,2.38%,8.67MB / 5.01MB,0B / 532kB
1789309885.8502407,aegis-protected-tool,0.14%,68.75MiB / 3.748GiB,1.79%,3.81MB / 3.2MB,0B / 532kB
1789309885.8502407,aegis-bench-runner,6.05%,2.367MiB / 3.748GiB,0.06%,6.38MB / 5.17MB,0B / 73.7kB
1789309890.0845847,aegis-control-plane,0.15%,67.2MiB / 3.748GiB,1.75%,4.55kB / 3.87kB,0B / 4.64MB
1789309890.0845847,aegis-enforcement-gateway,51.73%,178.7MiB / 3.748GiB,4.66%,6.39MB / 11.9MB,238kB / 487MB
1789309890.0845847,aegis-credential-broker,0.17%,91.27MiB / 3.748GiB,2.38%,8.67MB / 5.01MB,0B / 532kB
1789309890.0845847,aegis-protected-tool,2.97%,68.98MiB / 3.748GiB,1.80%,3.82MB / 3.21MB,0B / 532kB
1789309890.0845847,aegis-bench-runner,0.00%,2.262MiB / 3.748GiB,0.06%,6.38MB / 5.17MB,0B / 73.7kB
1789309894.3352406,aegis-control-plane,0.13%,67.21MiB / 3.748GiB,1.75%,4.55kB / 3.87kB,0B / 4.64MB
1789309894.3352406,aegis-enforcement-gateway,131.89%,179.4MiB / 3.748GiB,4.68%,6.52MB / 12.2MB,238kB / 494MB
1789309894.3352406,aegis-credential-broker,54.83%,92.18MiB / 3.748GiB,2.40%,8.97MB / 5.18MB,0B / 532kB
1789309894.3352406,aegis-protected-tool,10.63%,68.65MiB / 3.748GiB,1.79%,3.9MB / 3.28MB,0B / 532kB
1789309894.3352406,aegis-bench-runner,10.68%,24.18MiB / 3.748GiB,0.63%,6.46MB / 5.23MB,0B / 73.7kB
1789309898.5756197,aegis-control-plane,0.13%,66.89MiB / 3.748GiB,1.74%,4.55kB / 3.87kB,0B / 4.64MB
1789309898.5756197,aegis-enforcement-gateway,120.71%,180.4MiB / 3.748GiB,4.70%,6.65MB / 12.5MB,238kB / 503MB
1789309898.5756197,aegis-credential-broker,58.19%,92.91MiB / 3.748GiB,2.42%,9.28MB / 5.35MB,0B / 532kB
1789309898.5756197,aegis-protected-tool,11.35%,68.78MiB / 3.748GiB,1.79%,4MB / 3.36MB,0B / 532kB
1789309898.5756197,aegis-bench-runner,10.93%,24.72MiB / 3.748GiB,0.64%,6.57MB / 5.28MB,0B / 73.7kB
1789309902.7897346,aegis-control-plane,0.39%,68.14MiB / 3.748GiB,1.78%,4.55kB / 3.87kB,0B / 4.64MB
1789309902.7897346,aegis-enforcement-gateway,0.14%,181MiB / 3.748GiB,4.72%,6.66MB / 12.5MB,238kB / 503MB
1789309902.7897346,aegis-credential-broker,0.15%,93.41MiB / 3.748GiB,2.43%,9.29MB / 5.36MB,0B / 532kB
1789309902.7897346,aegis-protected-tool,0.15%,68.78MiB / 3.748GiB,1.79%,4MB / 3.36MB,0B / 532kB
1789309902.7897346,aegis-bench-runner,0.00%,2.094MiB / 3.748GiB,0.05%,6.61MB / 5.3MB,0B / 73.7kB
1789309907.0298445,aegis-control-plane,12.29%,75.34MiB / 3.748GiB,1.96%,4.55kB / 3.87kB,0B / 4.64MB
1789309907.0298445,aegis-enforcement-gateway,117.02%,185.4MiB / 3.748GiB,4.83%,6.72MB / 12.6MB,238kB / 506MB
1789309907.0298445,aegis-credential-broker,35.94%,93.56MiB / 3.748GiB,2.44%,9.43MB / 5.44MB,0B / 532kB
1789309907.0298445,aegis-protected-tool,7.12%,68.95MiB / 3.748GiB,1.80%,4.05MB / 3.4MB,0B / 532kB
1789309907.0298445,aegis-bench-runner,24.93%,25.49MiB / 3.748GiB,0.66%,6.66MB / 5.34MB,0B / 73.7kB
1789309911.3026292,aegis-control-plane,0.14%,67.68MiB / 3.748GiB,1.76%,4.55kB / 3.87kB,0B / 4.64MB
1789309911.3026292,aegis-enforcement-gateway,132.35%,189MiB / 3.748GiB,4.92%,6.88MB / 13MB,238kB / 516MB
1789309911.3026292,aegis-credential-broker,56.62%,93.47MiB / 3.748GiB,2.44%,9.69MB / 5.6MB,0B / 532kB
1789309911.3026292,aegis-protected-tool,11.06%,69.09MiB / 3.748GiB,1.80%,4.13MB / 3.47MB,0B / 532kB
1789309911.3026292,aegis-bench-runner,11.31%,25.38MiB / 3.748GiB,0.66%,6.76MB / 5.41MB,0B / 73.7kB
1789309915.5638106,aegis-control-plane,0.15%,67.48MiB / 3.748GiB,1.76%,4.55kB / 3.87kB,0B / 4.64MB
1789309915.5638106,aegis-enforcement-gateway,53.47%,190.5MiB / 3.748GiB,4.96%,6.99MB / 13.3MB,238kB / 524MB
1789309915.5638106,aegis-credential-broker,30.59%,93.39MiB / 3.748GiB,2.43%,9.98MB / 5.76MB,0B / 532kB
1789309915.5638106,aegis-protected-tool,5.96%,69.04MiB / 3.748GiB,1.80%,4.22MB / 3.54MB,0B / 532kB
1789309915.5638106,aegis-bench-runner,12.18%,1.922MiB / 3.748GiB,0.05%,6.86MB / 5.45MB,0B / 73.7kB
1789309919.7856762,aegis-control-plane,0.14%,67.89MiB / 3.748GiB,1.77%,4.55kB / 3.87kB,0B / 4.64MB
1789309919.7856762,aegis-enforcement-gateway,0.15%,191.1MiB / 3.748GiB,4.98%,6.99MB / 13.3MB,238kB / 524MB
1789309919.7856762,aegis-credential-broker,0.14%,93.39MiB / 3.748GiB,2.43%,9.98MB / 5.76MB,0B / 532kB
1789309919.7856762,aegis-protected-tool,0.14%,69.04MiB / 3.748GiB,1.80%,4.22MB / 3.54MB,0B / 532kB
1789309919.7856762,aegis-bench-runner,0.00%,1.855MiB / 3.748GiB,0.05%,6.86MB / 5.45MB,0B / 73.7kB
1789309924.0406973,aegis-control-plane,0.13%,67.51MiB / 3.748GiB,1.76%,4.55kB / 3.87kB,0B / 4.64MB
1789309924.0406973,aegis-enforcement-gateway,84.19%,192.9MiB / 3.748GiB,5.03%,7.07MB / 13.4MB,238kB / 528MB
1789309924.0406973,aegis-credential-broker,47.09%,93.21MiB / 3.748GiB,2.43%,10.2MB / 5.87MB,0B / 532kB
1789309924.0406973,aegis-protected-tool,8.72%,68.91MiB / 3.748GiB,1.80%,4.28MB / 3.59MB,0B / 532kB
1789309924.0406973,aegis-bench-runner,71.66%,25.3MiB / 3.748GiB,0.66%,6.94MB / 5.51MB,0B / 73.7kB
1789309928.2991805,aegis-control-plane,19.19%,67.91MiB / 3.748GiB,1.77%,4.55kB / 3.87kB,0B / 4.64MB
1789309928.2991805,aegis-enforcement-gateway,153.20%,195.1MiB / 3.748GiB,5.08%,7.24MB / 13.8MB,238kB / 537MB
1789309928.2991805,aegis-credential-broker,54.05%,93.57MiB / 3.748GiB,2.44%,10.4MB / 5.99MB,0B / 532kB
1789309928.2991805,aegis-protected-tool,10.89%,69.12MiB / 3.748GiB,1.80%,4.37MB / 3.66MB,0B / 532kB
1789309928.2991805,aegis-bench-runner,12.12%,25.58MiB / 3.748GiB,0.67%,7.04MB / 5.58MB,0B / 73.7kB
1789309932.5508945,aegis-control-plane,0.14%,67.91MiB / 3.748GiB,1.77%,4.55kB / 3.87kB,0B / 4.64MB
1789309932.5508945,aegis-enforcement-gateway,8.25%,203.4MiB / 3.748GiB,5.30%,7.33MB / 14MB,238kB / 543MB
1789309932.5508945,aegis-credential-broker,0.14%,94.95MiB / 3.748GiB,2.47%,10.7MB / 6.15MB,0B / 532kB
1789309932.5508945,aegis-protected-tool,0.14%,68.8MiB / 3.748GiB,1.79%,4.44MB / 3.72MB,0B / 532kB
1789309932.5508945,aegis-bench-runner,0.00%,2.172MiB / 3.748GiB,0.06%,7.12MB / 5.61MB,0B / 73.7kB
1789309936.7828903,aegis-control-plane,0.15%,67.53MiB / 3.748GiB,1.76%,4.55kB / 3.87kB,0B / 4.64MB
1789309936.7828903,aegis-enforcement-gateway,0.14%,195.3MiB / 3.748GiB,5.09%,7.33MB / 14MB,238kB / 543MB
1789309936.7828903,aegis-credential-broker,0.15%,94.95MiB / 3.748GiB,2.47%,10.7MB / 6.15MB,0B / 532kB
1789309936.7828903,aegis-protected-tool,0.14%,68.8MiB / 3.748GiB,1.79%,4.44MB / 3.72MB,0B / 532kB
1789309936.7828903,aegis-bench-runner,25.28%,22.49MiB / 3.748GiB,0.59%,7.12MB / 5.61MB,0B / 73.7kB
1789309941.0294278,aegis-control-plane,0.15%,67.34MiB / 3.748GiB,1.75%,4.55kB / 3.87kB,0B / 4.64MB
1789309941.0294278,aegis-enforcement-gateway,134.56%,194.1MiB / 3.748GiB,5.06%,7.46MB / 14.3MB,238kB / 550MB
1789309941.0294278,aegis-credential-broker,52.77%,93.18MiB / 3.748GiB,2.43%,10.9MB / 6.29MB,0B / 532kB
1789309941.0294278,aegis-protected-tool,10.31%,69.19MiB / 3.748GiB,1.80%,4.52MB / 3.78MB,0B / 532kB
1789309941.0294278,aegis-bench-runner,71.33%,25.37MiB / 3.748GiB,0.66%,7.19MB / 5.66MB,0B / 73.7kB
1789309945.3084817,aegis-control-plane,5.50%,67.52MiB / 3.748GiB,1.76%,4.55kB / 3.87kB,0B / 4.64MB
1789309945.3084817,aegis-enforcement-gateway,137.16%,195.1MiB / 3.748GiB,5.08%,7.6MB / 14.7MB,238kB / 558MB
1789309945.3084817,aegis-credential-broker,59.70%,94.2MiB / 3.748GiB,2.45%,11.2MB / 6.47MB,0B / 532kB
1789309945.3084817,aegis-protected-tool,12.34%,69.07MiB / 3.748GiB,1.80%,4.61MB / 3.86MB,0B / 532kB
1789309945.3084817,aegis-bench-runner,12.20%,25.52MiB / 3.748GiB,0.67%,7.29MB / 5.73MB,0B / 73.7kB
1789309949.534003,aegis-control-plane,11.91%,67.59MiB / 3.748GiB,1.76%,4.55kB / 3.87kB,0B / 4.64MB
1789309949.534003,aegis-enforcement-gateway,0.11%,196.3MiB / 3.748GiB,5.12%,7.66MB / 14.8MB,238kB / 562MB
1789309949.534003,aegis-credential-broker,0.12%,94.13MiB / 3.748GiB,2.45%,11.3MB / 6.55MB,0B / 532kB
1789309949.534003,aegis-protected-tool,0.12%,69.27MiB / 3.748GiB,1.80%,4.66MB / 3.9MB,0B / 532kB
1789309949.534003,aegis-bench-runner,0.00%,2.066MiB / 3.748GiB,0.05%,7.37MB / 5.76MB,0B / 73.7kB
1789309953.7549222,aegis-control-plane,0.15%,67.38MiB / 3.748GiB,1.76%,4.55kB / 3.87kB,0B / 4.64MB
1789309953.7549222,aegis-enforcement-gateway,91.44%,196.2MiB / 3.748GiB,5.11%,7.68MB / 14.8MB,238kB / 565MB
1789309953.7549222,aegis-credential-broker,0.13%,94.13MiB / 3.748GiB,2.45%,11.3MB / 6.55MB,0B / 532kB
1789309953.7549222,aegis-protected-tool,0.13%,69.27MiB / 3.748GiB,1.80%,4.66MB / 3.9MB,0B / 532kB
1789309953.7549222,aegis-bench-runner,12.07%,22.98MiB / 3.748GiB,0.60%,7.4MB / 5.78MB,0B / 73.7kB
1789309957.9991055,aegis-control-plane,0.14%,67.24MiB / 3.748GiB,1.75%,4.55kB / 3.87kB,0B / 4.64MB
1789309957.9991055,aegis-enforcement-gateway,78.50%,184.1MiB / 3.748GiB,4.80%,7.76MB / 15MB,238kB / 580MB
1789309957.9991055,aegis-credential-broker,0.11%,94.13MiB / 3.748GiB,2.45%,11.3MB / 6.55MB,0B / 532kB
1789309957.9991055,aegis-protected-tool,0.12%,69.27MiB / 3.748GiB,1.80%,4.66MB / 3.9MB,0B / 532kB
1789309957.9991055,aegis-bench-runner,12.03%,23.34MiB / 3.748GiB,0.61%,7.5MB / 5.85MB,0B / 73.7kB
1789309962.219888,aegis-control-plane,0.16%,67.54MiB / 3.748GiB,1.76%,4.55kB / 3.87kB,0B / 4.64MB
1789309962.219888,aegis-enforcement-gateway,0.13%,184.1MiB / 3.748GiB,4.80%,7.78MB / 15MB,238kB / 583MB
1789309962.219888,aegis-credential-broker,0.13%,94.13MiB / 3.748GiB,2.45%,11.3MB / 6.55MB,0B / 532kB
1789309962.219888,aegis-protected-tool,0.12%,69.27MiB / 3.748GiB,1.80%,4.66MB / 3.9MB,0B / 532kB
1789309962.219888,aegis-bench-runner,0.00%,2.23MiB / 3.748GiB,0.06%,7.55MB / 5.88MB,0B / 73.7kB
1789309966.4667444,aegis-control-plane,0.11%,67.39MiB / 3.748GiB,1.76%,4.55kB / 3.87kB,0B / 4.64MB
1789309966.4667444,aegis-enforcement-gateway,88.33%,183.6MiB / 3.748GiB,4.78%,7.84MB / 15.1MB,238kB / 593MB
1789309966.4667444,aegis-credential-broker,0.10%,94.13MiB / 3.748GiB,2.45%,11.3MB / 6.55MB,0B / 532kB
1789309966.4667444,aegis-protected-tool,0.11%,69.27MiB / 3.748GiB,1.80%,4.66MB / 3.9MB,0B / 532kB
1789309966.4667444,aegis-bench-runner,11.60%,23.29MiB / 3.748GiB,0.61%,7.63MB / 5.94MB,0B / 73.7kB
1789309970.698773,aegis-control-plane,0.14%,67.74MiB / 3.748GiB,1.77%,4.55kB / 3.87kB,0B / 4.64MB
1789309970.698773,aegis-enforcement-gateway,87.00%,184.1MiB / 3.748GiB,4.80%,7.9MB / 15.2MB,238kB / 604MB
1789309970.698773,aegis-credential-broker,0.12%,94.13MiB / 3.748GiB,2.45%,11.3MB / 6.55MB,0B / 532kB
1789309970.698773,aegis-protected-tool,0.11%,69.27MiB / 3.748GiB,1.80%,4.66MB / 3.9MB,0B / 532kB
1789309970.698773,aegis-bench-runner,0.00%,2.102MiB / 3.748GiB,0.05%,7.72MB / 6MB,0B / 73.7kB
1789309974.9668305,aegis-control-plane,23.02%,67.56MiB / 3.748GiB,1.76%,4.55kB / 3.87kB,0B / 4.64MB
1789309974.9668305,aegis-enforcement-gateway,25.63%,184.2MiB / 3.748GiB,4.80%,7.9MB / 15.2MB,238kB / 604MB
1789309974.9668305,aegis-credential-broker,0.22%,94.13MiB / 3.748GiB,2.45%,11.3MB / 6.55MB,0B / 532kB
1789309974.9668305,aegis-protected-tool,0.21%,69.27MiB / 3.748GiB,1.80%,4.66MB / 3.9MB,0B / 532kB
1789309974.9668305,aegis-bench-runner,0.00%,2.062MiB / 3.748GiB,0.05%,7.72MB / 6MB,0B / 73.7kB
1789309979.287648,aegis-control-plane,0.18%,67.56MiB / 3.748GiB,1.76%,4.55kB / 3.87kB,0B / 4.64MB
1789309979.287648,aegis-enforcement-gateway,98.39%,188.6MiB / 3.748GiB,4.91%,7.94MB / 15.2MB,238kB / 612MB
1789309979.287648,aegis-credential-broker,0.20%,94.13MiB / 3.748GiB,2.45%,11.3MB / 6.55MB,0B / 532kB
1789309979.287648,aegis-protected-tool,0.18%,69.27MiB / 3.748GiB,1.80%,4.66MB / 3.9MB,0B / 532kB
1789309979.287648,aegis-bench-runner,11.15%,22.61MiB / 3.748GiB,0.59%,7.77MB / 6.03MB,0B / 73.7kB
1789309983.5086646,aegis-control-plane,0.12%,67.45MiB / 3.748GiB,1.76%,4.55kB / 3.87kB,0B / 4.64MB
1789309983.5086646,aegis-enforcement-gateway,90.21%,184.4MiB / 3.748GiB,4.80%,8.01MB / 15.3MB,238kB / 624MB
1789309983.5086646,aegis-credential-broker,0.13%,94.13MiB / 3.748GiB,2.45%,11.3MB / 6.55MB,0B / 532kB
1789309983.5086646,aegis-protected-tool,0.11%,69.27MiB / 3.748GiB,1.80%,4.66MB / 3.9MB,0B / 532kB
1789309983.5086646,aegis-bench-runner,11.54%,23.43MiB / 3.748GiB,0.61%,7.86MB / 6.09MB,0B / 73.7kB
1789309987.7212882,aegis-control-plane,0.15%,67.26MiB / 3.748GiB,1.75%,4.55kB / 3.87kB,0B / 4.64MB
1789309987.7212882,aegis-enforcement-gateway,0.14%,184.2MiB / 3.748GiB,4.80%,8.02MB / 15.3MB,238kB / 625MB
1789309987.7212882,aegis-credential-broker,0.12%,94.13MiB / 3.748GiB,2.45%,11.3MB / 6.55MB,0B / 532kB
1789309987.7212882,aegis-protected-tool,0.18%,69.27MiB / 3.748GiB,1.80%,4.66MB / 3.9MB,0B / 532kB
1789309987.7212882,aegis-bench-runner,0.00%,2.094MiB / 3.748GiB,0.05%,7.9MB / 6.12MB,0B / 73.7kB
1789309991.9702442,aegis-control-plane,0.12%,67.06MiB / 3.748GiB,1.75%,4.55kB / 3.87kB,0B / 4.64MB
1789309991.9702442,aegis-enforcement-gateway,95.64%,184.5MiB / 3.748GiB,4.81%,8.08MB / 15.4MB,238kB / 635MB
1789309991.9702442,aegis-credential-broker,0.12%,94.13MiB / 3.748GiB,2.45%,11.3MB / 6.55MB,0B / 532kB
1789309991.9702442,aegis-protected-tool,0.12%,69.27MiB / 3.748GiB,1.80%,4.66MB / 3.9MB,0B / 532kB
1789309991.9702442,aegis-bench-runner,12.40%,23.25MiB / 3.748GiB,0.61%,7.96MB / 6.16MB,0B / 73.7kB
1789309996.205464,aegis-control-plane,0.14%,66.98MiB / 3.748GiB,1.75%,4.55kB / 3.87kB,0B / 4.64MB
1789309996.205464,aegis-enforcement-gateway,69.12%,184.9MiB / 3.748GiB,4.82%,8.14MB / 15.5MB,238kB / 647MB
1789309996.205464,aegis-credential-broker,0.12%,94.13MiB / 3.748GiB,2.45%,11.3MB / 6.55MB,0B / 532kB
1789309996.205464,aegis-protected-tool,0.14%,69.27MiB / 3.748GiB,1.80%,4.66MB / 3.9MB,0B / 532kB
1789309996.205464,aegis-bench-runner,0.00%,1.883MiB / 3.748GiB,0.05%,8.09MB / 6.24MB,0B / 73.7kB
1789310000.435629,aegis-control-plane,0.14%,66.91MiB / 3.748GiB,1.74%,4.55kB / 3.87kB,0B / 4.64MB
1789310000.435629,aegis-enforcement-gateway,61.69%,183.7MiB / 3.748GiB,4.79%,8.15MB / 15.5MB,238kB / 648MB
1789310000.435629,aegis-credential-broker,0.13%,94.13MiB / 3.748GiB,2.45%,11.3MB / 6.55MB,0B / 532kB
1789310000.435629,aegis-protected-tool,0.15%,69.27MiB / 3.748GiB,1.80%,4.66MB / 3.9MB,0B / 532kB
1789310000.435629,aegis-bench-runner,31.51%,22.91MiB / 3.748GiB,0.60%,8.1MB / 6.25MB,0B / 73.7kB
1789310004.7001088,aegis-control-plane,0.13%,67.33MiB / 3.748GiB,1.75%,4.55kB / 3.87kB,0B / 4.64MB
1789310004.7001088,aegis-enforcement-gateway,91.23%,183.5MiB / 3.748GiB,4.78%,8.22MB / 15.7MB,238kB / 661MB
1789310004.7001088,aegis-credential-broker,0.13%,94.13MiB / 3.748GiB,2.45%,11.3MB / 6.55MB,0B / 532kB
1789310004.7001088,aegis-protected-tool,0.16%,69.27MiB / 3.748GiB,1.80%,4.66MB / 3.9MB,0B / 532kB
1789310004.7001088,aegis-bench-runner,10.94%,23.69MiB / 3.748GiB,0.62%,8.19MB / 6.31MB,0B / 73.7kB
1789310008.911492,aegis-control-plane,0.15%,67.18MiB / 3.748GiB,1.75%,4.55kB / 3.87kB,0B / 4.64MB
1789310008.911492,aegis-enforcement-gateway,0.15%,183.6MiB / 3.748GiB,4.78%,8.26MB / 15.7MB,238kB / 667MB
1789310008.911492,aegis-credential-broker,0.11%,94.13MiB / 3.748GiB,2.45%,11.3MB / 6.55MB,0B / 532kB
1789310008.911492,aegis-protected-tool,0.13%,69.27MiB / 3.748GiB,1.80%,4.66MB / 3.9MB,0B / 532kB
1789310008.911492,aegis-bench-runner,0.00%,2.176MiB / 3.748GiB,0.06%,8.27MB / 6.36MB,0B / 73.7kB
1789310013.1522627,aegis-control-plane,0.11%,67.25MiB / 3.748GiB,1.75%,4.55kB / 3.87kB,0B / 4.64MB
1789310013.1522627,aegis-enforcement-gateway,92.31%,181.9MiB / 3.748GiB,4.74%,8.29MB / 15.8MB,238kB / 672MB
1789310013.1522627,aegis-credential-broker,0.12%,94.13MiB / 3.748GiB,2.45%,11.3MB / 6.55MB,0B / 532kB
1789310013.1522627,aegis-protected-tool,0.12%,69.27MiB / 3.748GiB,1.80%,4.66MB / 3.9MB,0B / 532kB
1789310013.1522627,aegis-bench-runner,31.63%,23.22MiB / 3.748GiB,0.61%,8.28MB / 6.37MB,0B / 73.7kB
1789310017.4013147,aegis-control-plane,0.12%,67.18MiB / 3.748GiB,1.75%,4.55kB / 3.87kB,0B / 4.64MB
1789310017.4013147,aegis-enforcement-gateway,81.38%,182.2MiB / 3.748GiB,4.75%,8.37MB / 15.9MB,238kB / 688MB
1789310017.4013147,aegis-credential-broker,0.12%,94.13MiB / 3.748GiB,2.45%,11.3MB / 6.55MB,0B / 532kB
1789310017.4013147,aegis-protected-tool,0.11%,69.27MiB / 3.748GiB,1.80%,4.66MB / 3.9MB,0B / 532kB
1789310017.4013147,aegis-bench-runner,12.24%,23.79MiB / 3.748GiB,0.62%,8.44MB / 6.48MB,0B / 73.7kB
1789310021.628813,aegis-control-plane,17.28%,67.69MiB / 3.748GiB,1.76%,4.55kB / 3.87kB,0B / 4.64MB
1789310021.628813,aegis-enforcement-gateway,0.14%,182MiB / 3.748GiB,4.74%,8.38MB / 15.9MB,238kB / 689MB
1789310021.628813,aegis-credential-broker,0.19%,94.13MiB / 3.748GiB,2.45%,11.3MB / 6.55MB,0B / 532kB
1789310021.628813,aegis-protected-tool,0.20%,69.27MiB / 3.748GiB,1.80%,4.66MB / 3.9MB,0B / 532kB
1789310021.628813,aegis-bench-runner,0.00%,2.297MiB / 3.748GiB,0.06%,8.45MB / 6.48MB,0B / 73.7kB
1789310025.9505548,aegis-control-plane,0.19%,67.62MiB / 3.748GiB,1.76%,4.55kB / 3.87kB,0B / 4.64MB
1789310025.9505548,aegis-enforcement-gateway,97.50%,181.7MiB / 3.748GiB,4.73%,8.42MB / 15.9MB,238kB / 693MB
1789310025.9505548,aegis-credential-broker,0.18%,94.13MiB / 3.748GiB,2.45%,11.3MB / 6.55MB,0B / 532kB
1789310025.9505548,aegis-protected-tool,0.24%,69.27MiB / 3.748GiB,1.80%,4.66MB / 3.9MB,0B / 532kB
1789310025.9505548,aegis-bench-runner,10.05%,24.07MiB / 3.748GiB,0.63%,8.47MB / 6.5MB,0B / 73.7kB
1789310030.2681613,aegis-control-plane,0.22%,67.3MiB / 3.748GiB,1.75%,4.55kB / 3.87kB,0B / 4.64MB
1789310030.2681613,aegis-enforcement-gateway,96.36%,181.9MiB / 3.748GiB,4.74%,8.46MB / 16MB,238kB / 702MB
1789310030.2681613,aegis-credential-broker,0.22%,94.13MiB / 3.748GiB,2.45%,11.3MB / 6.55MB,0B / 532kB
1789310030.2681613,aegis-protected-tool,0.21%,69.27MiB / 3.748GiB,1.80%,4.66MB / 3.9MB,0B / 532kB
1789310030.2681613,aegis-bench-runner,11.06%,24.36MiB / 3.748GiB,0.63%,8.56MB / 6.57MB,0B / 73.7kB
1789310034.4898758,aegis-control-plane,0.13%,67.23MiB / 3.748GiB,1.75%,4.55kB / 3.87kB,0B / 4.64MB
1789310034.4898758,aegis-enforcement-gateway,0.14%,181MiB / 3.748GiB,4.72%,8.51MB / 16.1MB,238kB / 711MB
1789310034.4898758,aegis-credential-broker,0.13%,94.13MiB / 3.748GiB,2.45%,11.3MB / 6.55MB,0B / 532kB
1789310034.4898758,aegis-protected-tool,0.13%,69.27MiB / 3.748GiB,1.80%,4.66MB / 3.9MB,0B / 532kB
1789310034.4898758,aegis-bench-runner,0.00%,2.273MiB / 3.748GiB,0.06%,8.64MB / 6.61MB,0B / 73.7kB
1789310038.8353662,aegis-control-plane,0.20%,67.34MiB / 3.748GiB,1.75%,4.55kB / 3.87kB,0B / 4.64MB
1789310038.8353662,aegis-enforcement-gateway,0.20%,181.2MiB / 3.748GiB,4.72%,8.51MB / 16.1MB,238kB / 711MB
1789310038.8353662,aegis-credential-broker,0.20%,94.13MiB / 3.748GiB,2.45%,11.3MB / 6.55MB,0B / 532kB
1789310038.8353662,aegis-protected-tool,0.23%,69.27MiB / 3.748GiB,1.80%,4.66MB / 3.9MB,0B / 532kB
1789310038.8353662,aegis-bench-runner,0.00%,2.258MiB / 3.748GiB,0.06%,8.64MB / 6.61MB,0B / 73.7kB
1789310043.0513837,aegis-control-plane,0.11%,67.42MiB / 3.748GiB,1.76%,4.55kB / 3.87kB,0B / 4.64MB
1789310043.0513837,aegis-enforcement-gateway,92.15%,181.3MiB / 3.748GiB,4.72%,8.58MB / 16.2MB,238kB / 721MB
1789310043.0513837,aegis-credential-broker,0.11%,94.13MiB / 3.748GiB,2.45%,11.3MB / 6.55MB,0B / 532kB
1789310043.0513837,aegis-protected-tool,0.11%,69.27MiB / 3.748GiB,1.80%,4.66MB / 3.9MB,0B / 532kB
1789310043.0513837,aegis-bench-runner,12.49%,24.12MiB / 3.748GiB,0.63%,8.7MB / 6.67MB,0B / 73.7kB
1789310047.2781515,aegis-control-plane,13.55%,67.48MiB / 3.748GiB,1.76%,4.55kB / 3.87kB,0B / 4.64MB
1789310047.2781515,aegis-enforcement-gateway,14.39%,181.3MiB / 3.748GiB,4.72%,8.64MB / 16.3MB,238kB / 733MB
1789310047.2781515,aegis-credential-broker,0.14%,94.13MiB / 3.748GiB,2.45%,11.3MB / 6.55MB,0B / 532kB
1789310047.2781515,aegis-protected-tool,0.13%,69.27MiB / 3.748GiB,1.80%,4.66MB / 3.9MB,0B / 532kB
1789310047.2781515,aegis-bench-runner,15.81%,2.215MiB / 3.748GiB,0.06%,8.83MB / 6.74MB,0B / 73.7kB
1789310051.4937758,aegis-control-plane,0.14%,67.34MiB / 3.748GiB,1.75%,4.55kB / 3.87kB,0B / 4.64MB
1789310051.4937758,aegis-enforcement-gateway,46.61%,182MiB / 3.748GiB,4.74%,8.65MB / 16.3MB,238kB / 734MB
1789310051.4937758,aegis-credential-broker,0.13%,94.13MiB / 3.748GiB,2.45%,11.3MB / 6.55MB,0B / 532kB
1789310051.4937758,aegis-protected-tool,0.14%,69.27MiB / 3.748GiB,1.80%,4.66MB / 3.9MB,0B / 532kB
1789310051.4937758,aegis-bench-runner,0.00%,2.156MiB / 3.748GiB,0.06%,8.83MB / 6.74MB,0B / 73.7kB
1789310055.7236953,aegis-control-plane,0.12%,67.28MiB / 3.748GiB,1.75%,4.55kB / 3.87kB,0B / 4.64MB
1789310055.7236953,aegis-enforcement-gateway,91.71%,181.4MiB / 3.748GiB,4.73%,8.73MB / 16.4MB,238kB / 747MB
1789310055.7236953,aegis-credential-broker,0.12%,94.13MiB / 3.748GiB,2.45%,11.3MB / 6.55MB,0B / 532kB
1789310055.7236953,aegis-protected-tool,0.11%,69.27MiB / 3.748GiB,1.80%,4.66MB / 3.9MB,0B / 532kB
1789310055.7236953,aegis-bench-runner,13.02%,24.25MiB / 3.748GiB,0.63%,8.96MB / 6.84MB,0B / 73.7kB
1789310059.9616432,aegis-control-plane,0.19%,67.41MiB / 3.748GiB,1.76%,4.55kB / 3.87kB,0B / 4.64MB
1789310059.9616432,aegis-enforcement-gateway,0.13%,181.1MiB / 3.748GiB,4.72%,8.77MB / 16.5MB,238kB / 755MB
1789310059.9616432,aegis-credential-broker,0.16%,94.13MiB / 3.748GiB,2.45%,11.3MB / 6.55MB,0B / 532kB
1789310059.9616432,aegis-protected-tool,0.15%,69.27MiB / 3.748GiB,1.80%,4.66MB / 3.9MB,0B / 532kB
1789310059.9616432,aegis-bench-runner,0.00%,2.324MiB / 3.748GiB,0.06%,9.02MB / 6.87MB,0B / 73.7kB
1789310064.26086,aegis-control-plane,0.18%,67.29MiB / 3.748GiB,1.75%,4.55kB / 3.87kB,0B / 4.64MB
1789310064.26086,aegis-enforcement-gateway,38.70%,182MiB / 3.748GiB,4.74%,8.8MB / 16.5MB,238kB / 755MB
1789310064.26086,aegis-credential-broker,0.23%,94.13MiB / 3.748GiB,2.45%,11.3MB / 6.55MB,0B / 532kB
1789310064.26086,aegis-protected-tool,0.19%,69.27MiB / 3.748GiB,1.80%,4.66MB / 3.9MB,0B / 532kB
1789310064.26086,aegis-bench-runner,60.39%,25.58MiB / 3.748GiB,0.67%,9.03MB / 6.9MB,0B / 73.7kB
1789310068.5465267,aegis-control-plane,15.02%,67.62MiB / 3.748GiB,1.76%,4.55kB / 3.87kB,0B / 4.64MB
1789310068.5465267,aegis-enforcement-gateway,112.02%,182.7MiB / 3.748GiB,4.76%,8.84MB / 16.5MB,238kB / 764MB
1789310068.5465267,aegis-credential-broker,0.14%,94.13MiB / 3.748GiB,2.45%,11.3MB / 6.55MB,0B / 532kB
1789310068.5465267,aegis-protected-tool,0.15%,69.27MiB / 3.748GiB,1.80%,4.66MB / 3.9MB,0B / 532kB
1789310068.5465267,aegis-bench-runner,75.68%,25.35MiB / 3.748GiB,0.66%,9.08MB / 6.92MB,0B / 73.7kB
1789310072.765208,aegis-control-plane,0.12%,67.62MiB / 3.748GiB,1.76%,4.55kB / 3.87kB,0B / 4.64MB
1789310072.765208,aegis-enforcement-gateway,56.43%,183.1MiB / 3.748GiB,4.77%,8.92MB / 16.7MB,238kB / 779MB
1789310072.765208,aegis-credential-broker,0.13%,94.13MiB / 3.748GiB,2.45%,11.3MB / 6.55MB,0B / 532kB
1789310072.765208,aegis-protected-tool,0.12%,69.27MiB / 3.748GiB,1.80%,4.66MB / 3.9MB,0B / 532kB
1789310072.765208,aegis-bench-runner,15.16%,25.48MiB / 3.748GiB,0.66%,9.21MB / 7.01MB,0B / 73.7kB
1789310076.9862275,aegis-control-plane,0.14%,67.68MiB / 3.748GiB,1.76%,4.55kB / 3.87kB,0B / 4.64MB
1789310076.9862275,aegis-enforcement-gateway,0.14%,182.9MiB / 3.748GiB,4.77%,8.92MB / 16.7MB,238kB / 779MB
1789310076.9862275,aegis-credential-broker,0.14%,94.13MiB / 3.748GiB,2.45%,11.3MB / 6.55MB,0B / 532kB
1789310076.9862275,aegis-protected-tool,0.14%,69.27MiB / 3.748GiB,1.80%,4.66MB / 3.9MB,0B / 532kB
1789310076.9862275,aegis-bench-runner,0.00%,1.328MiB / 3.748GiB,0.03%,9.24MB / 7.03MB,0B / 73.7kB
1789310081.216591,aegis-control-plane,0.12%,67.38MiB / 3.748GiB,1.76%,4.55kB / 3.87kB,0B / 4.64MB
1789310081.216591,aegis-enforcement-gateway,93.11%,181MiB / 3.748GiB,4.72%,9.01MB / 16.8MB,238kB / 789MB
1789310081.216591,aegis-credential-broker,0.12%,94.13MiB / 3.748GiB,2.45%,11.3MB / 6.55MB,0B / 532kB
1789310081.216591,aegis-protected-tool,0.13%,69.27MiB / 3.748GiB,1.80%,4.66MB / 3.9MB,0B / 532kB
1789310081.216591,aegis-bench-runner,68.87%,25.35MiB / 3.748GiB,0.66%,9.34MB / 7.11MB,0B / 73.7kB
1789310085.4924867,aegis-control-plane,0.11%,67.29MiB / 3.748GiB,1.75%,4.55kB / 3.87kB,0B / 4.64MB
1789310085.4924867,aegis-enforcement-gateway,58.06%,181.2MiB / 3.748GiB,4.72%,9.08MB / 16.9MB,238kB / 803MB
1789310085.4924867,aegis-credential-broker,0.12%,94.13MiB / 3.748GiB,2.45%,11.3MB / 6.55MB,0B / 532kB
1789310085.4924867,aegis-protected-tool,0.12%,69.27MiB / 3.748GiB,1.80%,4.66MB / 3.9MB,0B / 532kB
1789310085.4924867,aegis-bench-runner,16.20%,25.15MiB / 3.748GiB,0.66%,9.43MB / 7.17MB,0B / 73.7kB
1789310089.71333,aegis-control-plane,5.77%,67.06MiB / 3.748GiB,1.75%,4.55kB / 3.87kB,0B / 4.64MB
1789310089.71333,aegis-enforcement-gateway,5.45%,181.2MiB / 3.748GiB,4.72%,9.08MB / 16.9MB,238kB / 803MB
1789310089.71333,aegis-credential-broker,0.13%,94.13MiB / 3.748GiB,2.45%,11.3MB / 6.55MB,0B / 532kB
1789310089.71333,aegis-protected-tool,0.15%,69.27MiB / 3.748GiB,1.80%,4.66MB / 3.9MB,0B / 532kB
1789310089.71333,aegis-bench-runner,0.00%,2.004MiB / 3.748GiB,0.05%,9.46MB / 7.19MB,0B / 73.7kB
1789310093.9413192,aegis-control-plane,0.12%,66.96MiB / 3.748GiB,1.74%,4.55kB / 3.87kB,0B / 4.64MB
1789310093.9413192,aegis-enforcement-gateway,113.15%,190MiB / 3.748GiB,4.95%,9.17MB / 17MB,238kB / 813MB
1789310093.9413192,aegis-credential-broker,0.13%,94.13MiB / 3.748GiB,2.45%,11.3MB / 6.55MB,0B / 532kB
1789310093.9413192,aegis-protected-tool,0.14%,69.27MiB / 3.748GiB,1.80%,4.66MB / 3.9MB,0B / 532kB
1789310093.9413192,aegis-bench-runner,68.68%,25.09MiB / 3.748GiB,0.65%,9.55MB / 7.27MB,0B / 73.7kB
1789310098.180976,aegis-control-plane,0.13%,67.28MiB / 3.748GiB,1.75%,4.55kB / 3.87kB,0B / 4.64MB
1789310098.180976,aegis-enforcement-gateway,55.36%,182.1MiB / 3.748GiB,4.74%,9.24MB / 17.1MB,238kB / 827MB
1789310098.180976,aegis-credential-broker,0.12%,94.13MiB / 3.748GiB,2.45%,11.3MB / 6.55MB,0B / 532kB
1789310098.180976,aegis-protected-tool,0.14%,69.27MiB / 3.748GiB,1.80%,4.66MB / 3.9MB,0B / 532kB
1789310098.180976,aegis-bench-runner,15.03%,25.52MiB / 3.748GiB,0.67%,9.65MB / 7.33MB,0B / 73.7kB
1789310102.406773,aegis-control-plane,0.17%,67.39MiB / 3.748GiB,1.76%,4.55kB / 3.87kB,0B / 4.64MB
1789310102.406773,aegis-enforcement-gateway,0.18%,182.2MiB / 3.748GiB,4.75%,9.24MB / 17.1MB,238kB / 827MB
1789310102.406773,aegis-credential-broker,0.17%,94.13MiB / 3.748GiB,2.45%,11.3MB / 6.55MB,0B / 532kB
1789310102.406773,aegis-protected-tool,0.20%,69.27MiB / 3.748GiB,1.80%,4.66MB / 3.9MB,0B / 532kB
1789310102.406773,aegis-bench-runner,0.00%,2.586MiB / 3.748GiB,0.07%,9.67MB / 7.34MB,0B / 73.7kB
1789310106.717428,aegis-control-plane,0.19%,67.31MiB / 3.748GiB,1.75%,4.55kB / 3.87kB,0B / 4.64MB
1789310106.717428,aegis-enforcement-gateway,92.03%,179.4MiB / 3.748GiB,4.67%,9.27MB / 17.2MB,238kB / 831MB
1789310106.717428,aegis-credential-broker,0.22%,94.13MiB / 3.748GiB,2.45%,11.3MB / 6.55MB,0B / 532kB
1789310106.717428,aegis-protected-tool,0.19%,69.27MiB / 3.748GiB,1.80%,4.66MB / 3.9MB,0B / 532kB
1789310106.717428,aegis-bench-runner,11.97%,23.04MiB / 3.748GiB,0.60%,9.72MB / 7.38MB,0B / 73.7kB
1789310111.0051684,aegis-control-plane,0.12%,67.41MiB / 3.748GiB,1.76%,4.55kB / 3.87kB,0B / 4.64MB
1789310111.0051684,aegis-enforcement-gateway,90.73%,176MiB / 3.748GiB,4.59%,9.35MB / 17.2MB,238kB / 842MB
1789310111.0051684,aegis-credential-broker,0.13%,94.13MiB / 3.748GiB,2.45%,11.3MB / 6.55MB,0B / 532kB
1789310111.0051684,aegis-protected-tool,0.12%,69.27MiB / 3.748GiB,1.80%,4.66MB / 3.9MB,0B / 532kB
1789310111.0051684,aegis-bench-runner,11.65%,23.42MiB / 3.748GiB,0.61%,9.78MB / 7.43MB,0B / 73.7kB
1789310115.2389216,aegis-control-plane,0.13%,67.41MiB / 3.748GiB,1.76%,4.55kB / 3.87kB,0B / 4.64MB
1789310115.2389216,aegis-enforcement-gateway,13.65%,176.2MiB / 3.748GiB,4.59%,9.36MB / 17.3MB,238kB / 844MB
1789310115.2389216,aegis-credential-broker,0.14%,94.13MiB / 3.748GiB,2.45%,11.3MB / 6.55MB,0B / 532kB
1789310115.2389216,aegis-protected-tool,0.17%,69.27MiB / 3.748GiB,1.80%,4.66MB / 3.9MB,0B / 532kB
1789310115.2389216,aegis-bench-runner,0.00%,2.453MiB / 3.748GiB,0.06%,9.82MB / 7.46MB,0B / 73.7kB
1789310119.4556758,aegis-control-plane,0.12%,67.48MiB / 3.748GiB,1.76%,4.55kB / 3.87kB,0B / 4.64MB
1789310119.4556758,aegis-enforcement-gateway,91.18%,175.6MiB / 3.748GiB,4.58%,9.43MB / 17.3MB,238kB / 853MB
1789310119.4556758,aegis-credential-broker,0.11%,94.13MiB / 3.748GiB,2.45%,11.3MB / 6.55MB,0B / 532kB
1789310119.4556758,aegis-protected-tool,0.12%,69.27MiB / 3.748GiB,1.80%,4.66MB / 3.9MB,0B / 532kB
1789310119.4556758,aegis-bench-runner,12.42%,23.25MiB / 3.748GiB,0.61%,9.87MB / 7.51MB,0B / 73.7kB
1789310123.68553,aegis-control-plane,0.12%,67.56MiB / 3.748GiB,1.76%,4.55kB / 3.87kB,0B / 4.64MB
1789310123.68553,aegis-enforcement-gateway,0.14%,175.3MiB / 3.748GiB,4.57%,9.48MB / 17.4MB,238kB / 861MB
1789310123.68553,aegis-credential-broker,0.14%,94.13MiB / 3.748GiB,2.45%,11.3MB / 6.55MB,0B / 532kB
1789310123.68553,aegis-protected-tool,0.12%,69.27MiB / 3.748GiB,1.80%,4.66MB / 3.9MB,0B / 532kB
1789310123.68553,aegis-bench-runner,9.00%,2.211MiB / 3.748GiB,0.06%,9.97MB / 7.59MB,0B / 73.7kB
1789310127.9195015,aegis-control-plane,0.13%,66.99MiB / 3.748GiB,1.75%,4.55kB / 3.87kB,0B / 4.64MB
1789310127.9195015,aegis-enforcement-gateway,85.81%,175.4MiB / 3.748GiB,4.57%,9.5MB / 17.4MB,238kB / 863MB
1789310127.9195015,aegis-credential-broker,0.12%,94.13MiB / 3.748GiB,2.45%,11.3MB / 6.55MB,0B / 532kB
1789310127.9195015,aegis-protected-tool,0.11%,69.27MiB / 3.748GiB,1.80%,4.66MB / 3.9MB,0B / 532kB
1789310127.9195015,aegis-bench-runner,20.73%,19.84MiB / 3.748GiB,0.52%,9.97MB / 7.59MB,0B / 73.7kB
1789310132.1543357,aegis-control-plane,0.11%,67.16MiB / 3.748GiB,1.75%,4.55kB / 3.87kB,0B / 4.64MB
1789310132.1543357,aegis-enforcement-gateway,93.11%,175.8MiB / 3.748GiB,4.58%,9.6MB / 17.5MB,238kB / 877MB
1789310132.1543357,aegis-credential-broker,0.11%,94.13MiB / 3.748GiB,2.45%,11.3MB / 6.55MB,0B / 532kB
1789310132.1543357,aegis-protected-tool,0.11%,69.27MiB / 3.748GiB,1.80%,4.66MB / 3.9MB,0B / 532kB
1789310132.1543357,aegis-bench-runner,12.66%,23.02MiB / 3.748GiB,0.60%,10.1MB / 7.68MB,0B / 73.7kB
1789310136.3726366,aegis-control-plane,18.27%,67.34MiB / 3.748GiB,1.75%,4.55kB / 3.87kB,0B / 4.64MB
1789310136.3726366,aegis-enforcement-gateway,18.91%,175.7MiB / 3.748GiB,4.58%,9.6MB / 17.6MB,238kB / 878MB
1789310136.3726366,aegis-credential-broker,0.15%,94.13MiB / 3.748GiB,2.45%,11.3MB / 6.55MB,0B / 532kB
1789310136.3726366,aegis-protected-tool,0.12%,69.27MiB / 3.748GiB,1.80%,4.66MB / 3.9MB,0B / 532kB
1789310136.3726366,aegis-bench-runner,0.00%,1.93MiB / 3.748GiB,0.05%,10.1MB / 7.71MB,0B / 73.7kB
1789310140.5910156,aegis-control-plane,0.12%,67.34MiB / 3.748GiB,1.75%,4.55kB / 3.87kB,0B / 4.64MB
1789310140.5910156,aegis-enforcement-gateway,86.58%,175.3MiB / 3.748GiB,4.57%,9.67MB / 17.6MB,238kB / 887MB
1789310140.5910156,aegis-credential-broker,0.11%,94.13MiB / 3.748GiB,2.45%,11.3MB / 6.55MB,0B / 532kB
1789310140.5910156,aegis-protected-tool,0.11%,69.27MiB / 3.748GiB,1.80%,4.66MB / 3.9MB,0B / 532kB
1789310140.5910156,aegis-bench-runner,11.98%,23.26MiB / 3.748GiB,0.61%,10.2MB / 7.78MB,0B / 73.7kB
1789310144.8087354,aegis-control-plane,0.13%,67.34MiB / 3.748GiB,1.75%,4.55kB / 3.87kB,0B / 4.64MB
1789310144.8087354,aegis-enforcement-gateway,0.14%,175.5MiB / 3.748GiB,4.57%,9.73MB / 17.7MB,238kB / 895MB
1789310144.8087354,aegis-credential-broker,0.13%,94.13MiB / 3.748GiB,2.45%,11.3MB / 6.55MB,0B / 532kB
1789310144.8087354,aegis-protected-tool,0.12%,69.27MiB / 3.748GiB,1.80%,4.66MB / 3.9MB,0B / 532kB
1789310144.8087354,aegis-bench-runner,9.85%,2.461MiB / 3.748GiB,0.06%,10.3MB / 7.83MB,0B / 73.7kB
1789310149.039714,aegis-control-plane,0.14%,67.43MiB / 3.748GiB,1.76%,4.55kB / 3.87kB,0B / 4.64MB
1789310149.039714,aegis-enforcement-gateway,0.14%,175.3MiB / 3.748GiB,4.57%,9.73MB / 17.7MB,238kB / 895MB
1789310149.039714,aegis-credential-broker,0.14%,94.13MiB / 3.748GiB,2.45%,11.3MB / 6.55MB,0B / 532kB
1789310149.039714,aegis-protected-tool,0.14%,69.27MiB / 3.748GiB,1.80%,4.66MB / 3.9MB,0B / 532kB
1789310149.039714,aegis-bench-runner,16.53%,23.33MiB / 3.748GiB,0.61%,10.3MB / 7.85MB,0B / 73.7kB
1789310153.283192,aegis-control-plane,0.13%,67.61MiB / 3.748GiB,1.76%,4.55kB / 3.87kB,0B / 4.64MB
1789310153.283192,aegis-enforcement-gateway,86.06%,175.8MiB / 3.748GiB,4.58%,9.83MB / 17.8MB,238kB / 910MB
1789310153.283192,aegis-credential-broker,0.11%,94.13MiB / 3.748GiB,2.45%,11.3MB / 6.55MB,0B / 532kB
1789310153.283192,aegis-protected-tool,0.12%,69.27MiB / 3.748GiB,1.80%,4.66MB / 3.9MB,0B / 532kB
1789310153.283192,aegis-bench-runner,12.81%,23.29MiB / 3.748GiB,0.61%,10.4MB / 7.94MB,0B / 73.7kB
1789310157.5106776,aegis-control-plane,0.16%,67.58MiB / 3.748GiB,1.76%,4.55kB / 3.87kB,0B / 4.64MB
1789310157.5106776,aegis-enforcement-gateway,16.00%,175.7MiB / 3.748GiB,4.58%,9.85MB / 17.8MB,238kB / 913MB
1789310157.5106776,aegis-credential-broker,0.13%,94.13MiB / 3.748GiB,2.45%,11.3MB / 6.55MB,0B / 532kB
1789310157.5106776,aegis-protected-tool,0.13%,69.27MiB / 3.748GiB,1.80%,4.66MB / 3.9MB,0B / 532kB
1789310157.5106776,aegis-bench-runner,0.00%,2.68MiB / 3.748GiB,0.07%,10.4MB / 7.95MB,0B / 73.7kB
1789310161.73955,aegis-control-plane,17.12%,67.44MiB / 3.748GiB,1.76%,4.55kB / 3.87kB,0B / 4.64MB
1789310161.73955,aegis-enforcement-gateway,110.06%,175.6MiB / 3.748GiB,4.57%,9.9MB / 17.9MB,238kB / 920MB
1789310161.73955,aegis-credential-broker,0.12%,94.13MiB / 3.748GiB,2.45%,11.3MB / 6.55MB,0B / 532kB
1789310161.73955,aegis-protected-tool,0.12%,69.27MiB / 3.748GiB,1.80%,4.66MB / 3.9MB,0B / 532kB
1789310161.73955,aegis-bench-runner,14.88%,23.54MiB / 3.748GiB,0.61%,10.4MB / 7.99MB,0B / 73.7kB
1789310165.980271,aegis-control-plane,0.12%,67.44MiB / 3.748GiB,1.76%,4.55kB / 3.87kB,0B / 4.64MB
1789310165.980271,aegis-enforcement-gateway,3.86%,175.9MiB / 3.748GiB,4.58%,9.97MB / 18MB,238kB / 930MB
1789310165.980271,aegis-credential-broker,0.13%,94.13MiB / 3.748GiB,2.45%,11.3MB / 6.55MB,0B / 532kB
1789310165.980271,aegis-protected-tool,0.11%,69.27MiB / 3.748GiB,1.80%,4.66MB / 3.9MB,0B / 532kB
1789310165.980271,aegis-bench-runner,4.84%,2.191MiB / 3.748GiB,0.06%,10.6MB / 8.08MB,0B / 73.7kB
1789310170.1958938,aegis-control-plane,0.15%,67.01MiB / 3.748GiB,1.75%,4.55kB / 3.87kB,0B / 4.64MB
1789310170.1958938,aegis-enforcement-gateway,28.59%,176.5MiB / 3.748GiB,4.60%,9.99MB / 18MB,238kB / 931MB
1789310170.1958938,aegis-credential-broker,0.15%,94.13MiB / 3.748GiB,2.45%,11.3MB / 6.55MB,0B / 532kB
1789310170.1958938,aegis-protected-tool,0.12%,69.27MiB / 3.748GiB,1.80%,4.66MB / 3.9MB,0B / 532kB
1789310170.1958938,aegis-bench-runner,0.00%,2.086MiB / 3.748GiB,0.05%,10.6MB / 8.08MB,0B / 73.7kB
1789310174.441426,aegis-control-plane,0.14%,67.61MiB / 3.748GiB,1.76%,4.55kB / 3.87kB,0B / 4.64MB
1789310174.441426,aegis-enforcement-gateway,93.89%,177.4MiB / 3.748GiB,4.62%,10.1MB / 18.1MB,238kB / 942MB
1789310174.441426,aegis-credential-broker,0.11%,94.13MiB / 3.748GiB,2.45%,11.3MB / 6.55MB,0B / 532kB
1789310174.441426,aegis-protected-tool,0.14%,69.27MiB / 3.748GiB,1.80%,4.66MB / 3.9MB,0B / 532kB
1789310174.441426,aegis-bench-runner,13.85%,24.33MiB / 3.748GiB,0.63%,10.6MB / 8.16MB,0B / 73.7kB
1789310178.6474206,aegis-control-plane,0.11%,67.2MiB / 3.748GiB,1.75%,4.55kB / 3.87kB,0B / 4.64MB
1789310178.6474206,aegis-enforcement-gateway,13.51%,177.5MiB / 3.748GiB,4.62%,10.1MB / 18.2MB,238kB / 947MB
1789310178.6474206,aegis-credential-broker,0.14%,94.13MiB / 3.748GiB,2.45%,11.3MB / 6.55MB,0B / 532kB
1789310178.6474206,aegis-protected-tool,0.12%,69.27MiB / 3.748GiB,1.80%,4.66MB / 3.9MB,0B / 532kB
1789310178.6474206,aegis-bench-runner,0.00%,1.945MiB / 3.748GiB,0.05%,10.7MB / 8.21MB,0B / 73.7kB
1789310182.8775668,aegis-control-plane,0.14%,67.2MiB / 3.748GiB,1.75%,4.55kB / 3.87kB,0B / 4.64MB
1789310182.8775668,aegis-enforcement-gateway,80.42%,178.5MiB / 3.748GiB,4.65%,10.1MB / 18.2MB,238kB / 950MB
1789310182.8775668,aegis-credential-broker,0.12%,94.13MiB / 3.748GiB,2.45%,11.3MB / 6.55MB,0B / 532kB
1789310182.8775668,aegis-protected-tool,0.13%,69.27MiB / 3.748GiB,1.80%,4.66MB / 3.9MB,0B / 532kB
1789310182.8775668,aegis-bench-runner,24.28%,24.32MiB / 3.748GiB,0.63%,10.7MB / 8.25MB,0B / 73.7kB
1789310187.1250064,aegis-control-plane,0.12%,67.53MiB / 3.748GiB,1.76%,4.55kB / 3.87kB,0B / 4.64MB
1789310187.1250064,aegis-enforcement-gateway,91.60%,178.4MiB / 3.748GiB,4.65%,10.2MB / 18.3MB,238kB / 959MB
1789310187.1250064,aegis-credential-broker,0.11%,94.13MiB / 3.748GiB,2.45%,11.3MB / 6.55MB,0B / 532kB
1789310187.1250064,aegis-protected-tool,0.12%,69.27MiB / 3.748GiB,1.80%,4.66MB / 3.9MB,0B / 532kB
1789310187.1250064,aegis-bench-runner,13.53%,24.56MiB / 3.748GiB,0.64%,10.9MB / 8.33MB,0B / 73.7kB
1789310191.3438785,aegis-control-plane,0.12%,67.37MiB / 3.748GiB,1.76%,4.55kB / 3.87kB,0B / 4.64MB
1789310191.3438785,aegis-enforcement-gateway,0.12%,178.1MiB / 3.748GiB,4.64%,10.2MB / 18.3MB,238kB / 965MB
1789310191.3438785,aegis-credential-broker,0.14%,94.13MiB / 3.748GiB,2.45%,11.3MB / 6.55MB,0B / 532kB
1789310191.3438785,aegis-protected-tool,0.13%,69.27MiB / 3.748GiB,1.80%,4.66MB / 3.9MB,0B / 532kB
1789310191.3438785,aegis-bench-runner,0.00%,2.184MiB / 3.748GiB,0.06%,10.9MB / 8.34MB,0B / 73.7kB
1789310195.653506,aegis-control-plane,0.18%,67.24MiB / 3.748GiB,1.75%,4.55kB / 3.87kB,0B / 4.64MB
1789310195.653506,aegis-enforcement-gateway,48.53%,178.3MiB / 3.748GiB,4.65%,10.3MB / 18.3MB,238kB / 967MB
1789310195.653506,aegis-credential-broker,0.20%,94.13MiB / 3.748GiB,2.45%,11.3MB / 6.55MB,0B / 532kB
1789310195.653506,aegis-protected-tool,0.20%,69.27MiB / 3.748GiB,1.80%,4.66MB / 3.9MB,0B / 532kB
1789310195.653506,aegis-bench-runner,30.05%,24.46MiB / 3.748GiB,0.64%,10.9MB / 8.36MB,0B / 73.7kB
1789310199.9655669,aegis-control-plane,0.11%,67.41MiB / 3.748GiB,1.76%,4.55kB / 3.87kB,0B / 4.64MB
1789310199.9655669,aegis-enforcement-gateway,92.91%,178.8MiB / 3.748GiB,4.66%,10.3MB / 18.4MB,238kB / 976MB
1789310199.9655669,aegis-credential-broker,0.11%,94.13MiB / 3.748GiB,2.45%,11.3MB / 6.55MB,0B / 532kB
1789310199.9655669,aegis-protected-tool,0.11%,69.27MiB / 3.748GiB,1.80%,4.66MB / 3.9MB,0B / 532kB
1789310199.9655669,aegis-bench-runner,13.05%,23.88MiB / 3.748GiB,0.62%,10.9MB / 8.41MB,0B / 73.7kB
1789310204.2091405,aegis-control-plane,5.43%,67.38MiB / 3.748GiB,1.76%,4.55kB / 3.87kB,0B / 4.64MB
1789310204.2091405,aegis-enforcement-gateway,11.11%,181.7MiB / 3.748GiB,4.73%,10.4MB / 18.5MB,238kB / 982MB
1789310204.2091405,aegis-credential-broker,0.21%,94.13MiB / 3.748GiB,2.45%,11.3MB / 6.55MB,0B / 532kB
1789310204.2091405,aegis-protected-tool,0.18%,69.27MiB / 3.748GiB,1.80%,4.66MB / 3.9MB,0B / 532kB
1789310204.2091405,aegis-bench-runner,0.00%,1.863MiB / 3.748GiB,0.05%,11MB / 8.47MB,0B / 73.7kB
1789310208.5173538,aegis-control-plane,22.03%,75.19MiB / 3.748GiB,1.96%,4.55kB / 3.87kB,0B / 4.64MB
1789310208.5173538,aegis-enforcement-gateway,29.09%,184MiB / 3.748GiB,4.79%,10.4MB / 18.5MB,238kB / 982MB
1789310208.5173538,aegis-credential-broker,0.20%,94.13MiB / 3.748GiB,2.45%,11.3MB / 6.55MB,0B / 532kB
1789310208.5173538,aegis-protected-tool,0.20%,69.27MiB / 3.748GiB,1.80%,4.66MB / 3.9MB,0B / 532kB
1789310208.5173538,aegis-bench-runner,1.24%,4.77MiB / 3.748GiB,0.12%,11MB / 8.47MB,0B / 73.7kB
1789310212.8271928,aegis-control-plane,0.18%,67.37MiB / 3.748GiB,1.76%,4.55kB / 3.87kB,0B / 4.64MB
1789310212.8271928,aegis-enforcement-gateway,90.89%,180.4MiB / 3.748GiB,4.70%,10.4MB / 18.5MB,238kB / 989MB
1789310212.8271928,aegis-credential-broker,0.16%,94.13MiB / 3.748GiB,2.45%,11.3MB / 6.55MB,0B / 532kB
1789310212.8271928,aegis-protected-tool,0.18%,69.27MiB / 3.748GiB,1.80%,4.66MB / 3.9MB,0B / 532kB
1789310212.8271928,aegis-bench-runner,73.49%,24.94MiB / 3.748GiB,0.65%,11.1MB / 8.54MB,0B / 73.7kB
1789310217.0690129,aegis-control-plane,0.11%,67.48MiB / 3.748GiB,1.76%,4.55kB / 3.87kB,0B / 4.64MB
1789310217.0690129,aegis-enforcement-gateway,74.31%,179.9MiB / 3.748GiB,4.69%,10.5MB / 18.6MB,238kB / 1GB
1789310217.0690129,aegis-credential-broker,0.16%,94.13MiB / 3.748GiB,2.45%,11.3MB / 6.55MB,0B / 532kB
1789310217.0690129,aegis-protected-tool,0.18%,69.27MiB / 3.748GiB,1.80%,4.66MB / 3.9MB,0B / 532kB
1789310217.0690129,aegis-bench-runner,16.10%,25.32MiB / 3.748GiB,0.66%,11.2MB / 8.63MB,0B / 73.7kB
1789310221.374226,aegis-control-plane,0.18%,67.16MiB / 3.748GiB,1.75%,4.55kB / 3.87kB,0B / 4.64MB
1789310221.374226,aegis-enforcement-gateway,8.95%,180.1MiB / 3.748GiB,4.69%,10.5MB / 18.7MB,238kB / 1GB
1789310221.374226,aegis-credential-broker,0.20%,94.13MiB / 3.748GiB,2.45%,11.3MB / 6.55MB,0B / 532kB
1789310221.374226,aegis-protected-tool,0.19%,69.27MiB / 3.748GiB,1.80%,4.66MB / 3.9MB,0B / 532kB
1789310221.374226,aegis-bench-runner,0.00%,1.883MiB / 3.748GiB,0.05%,11.2MB / 8.63MB,0B / 73.7kB
1789310225.5962875,aegis-control-plane,10.57%,67.01MiB / 3.748GiB,1.75%,4.55kB / 3.87kB,0B / 4.64MB
1789310225.5962875,aegis-enforcement-gateway,96.36%,179.6MiB / 3.748GiB,4.68%,10.6MB / 18.7MB,238kB / 1.01GB
1789310225.5962875,aegis-credential-broker,0.12%,94.13MiB / 3.748GiB,2.45%,11.3MB / 6.55MB,0B / 532kB
1789310225.5962875,aegis-protected-tool,0.15%,69.27MiB / 3.748GiB,1.80%,4.66MB / 3.9MB,0B / 532kB
1789310225.5962875,aegis-bench-runner,30.14%,25.34MiB / 3.748GiB,0.66%,11.3MB / 8.68MB,0B / 73.7kB
1789310229.8479762,aegis-control-plane,0.13%,67.01MiB / 3.748GiB,1.75%,4.55kB / 3.87kB,0B / 4.64MB
1789310229.8479762,aegis-enforcement-gateway,103.26%,180MiB / 3.748GiB,4.69%,10.7MB / 18.8MB,238kB / 1.02GB
1789310229.8479762,aegis-credential-broker,0.12%,94.13MiB / 3.748GiB,2.45%,11.3MB / 6.55MB,0B / 532kB
1789310229.8479762,aegis-protected-tool,0.14%,69.27MiB / 3.748GiB,1.80%,4.66MB / 3.9MB,0B / 532kB
1789310229.8479762,aegis-bench-runner,16.64%,25MiB / 3.748GiB,0.65%,11.4MB / 8.78MB,0B / 73.7kB
1789310234.0691607,aegis-control-plane,0.12%,67.38MiB / 3.748GiB,1.76%,4.55kB / 3.87kB,0B / 4.64MB
1789310234.0691607,aegis-enforcement-gateway,0.15%,180MiB / 3.748GiB,4.69%,10.7MB / 18.8MB,238kB / 1.02GB
1789310234.0691607,aegis-credential-broker,0.15%,94.13MiB / 3.748GiB,2.45%,11.3MB / 6.55MB,0B / 532kB
1789310234.0691607,aegis-protected-tool,0.14%,69.27MiB / 3.748GiB,1.80%,4.66MB / 3.9MB,0B / 532kB
1789310234.0691607,aegis-bench-runner,0.00%,2.195MiB / 3.748GiB,0.06%,11.4MB / 8.79MB,0B / 73.7kB
1789310238.2892585,aegis-control-plane,0.12%,67.31MiB / 3.748GiB,1.75%,4.55kB / 3.87kB,0B / 4.64MB
1789310238.2892585,aegis-enforcement-gateway,93.41%,179.9MiB / 3.748GiB,4.69%,10.8MB / 18.9MB,238kB / 1.03GB
1789310238.2892585,aegis-credential-broker,0.12%,94.13MiB / 3.748GiB,2.45%,11.3MB / 6.55MB,0B / 532kB
1789310238.2892585,aegis-protected-tool,0.11%,69.27MiB / 3.748GiB,1.80%,4.66MB / 3.9MB,0B / 532kB
1789310238.2892585,aegis-bench-runner,66.77%,25MiB / 3.748GiB,0.65%,11.5MB / 8.87MB,0B / 73.7kB
1789310242.5261202,aegis-control-plane,0.11%,67.46MiB / 3.748GiB,1.76%,4.55kB / 3.87kB,0B / 4.64MB
1789310242.5261202,aegis-enforcement-gateway,79.25%,180.2MiB / 3.748GiB,4.70%,10.8MB / 19MB,238kB / 1.04GB
1789310242.5261202,aegis-credential-broker,0.12%,94.13MiB / 3.748GiB,2.45%,11.3MB / 6.55MB,0B / 532kB
1789310242.5261202,aegis-protected-tool,0.12%,69.27MiB / 3.748GiB,1.80%,4.66MB / 3.9MB,0B / 532kB
1789310242.5261202,aegis-bench-runner,15.34%,25.36MiB / 3.748GiB,0.66%,11.5MB / 8.93MB,0B / 73.7kB
1789310246.754955,aegis-control-plane,0.12%,67.06MiB / 3.748GiB,1.75%,4.55kB / 3.87kB,0B / 4.64MB
1789310246.754955,aegis-enforcement-gateway,0.15%,179.6MiB / 3.748GiB,4.68%,10.8MB / 19MB,238kB / 1.04GB
1789310246.754955,aegis-credential-broker,0.14%,94.13MiB / 3.748GiB,2.45%,11.3MB / 6.55MB,0B / 532kB
1789310246.754955,aegis-protected-tool,0.16%,69.27MiB / 3.748GiB,1.80%,4.66MB / 3.9MB,0B / 532kB
1789310246.754955,aegis-bench-runner,0.00%,2.352MiB / 3.748GiB,0.06%,11.6MB / 8.95MB,0B / 73.7kB
1789310250.9674208,aegis-control-plane,0.12%,67.23MiB / 3.748GiB,1.75%,4.55kB / 3.87kB,0B / 4.64MB
1789310250.9674208,aegis-enforcement-gateway,10.49%,179.7MiB / 3.748GiB,4.68%,10.9MB / 19MB,238kB / 1.04GB
1789310250.9674208,aegis-credential-broker,0.13%,94.13MiB / 3.748GiB,2.45%,11.3MB / 6.55MB,0B / 532kB
1789310250.9674208,aegis-protected-tool,0.12%,69.27MiB / 3.748GiB,1.80%,4.66MB / 3.9MB,0B / 532kB
1789310250.9674208,aegis-bench-runner,0.00%,2.426MiB / 3.748GiB,0.06%,11.6MB / 8.98MB,0B / 73.7kB
1789310255.2997878,aegis-control-plane,82.98%,67.55MiB / 3.748GiB,1.76%,4.55kB / 3.87kB,0B / 4.64MB
1789310255.2997878,aegis-enforcement-gateway,0.22%,179.5MiB / 3.748GiB,4.68%,10.9MB / 19MB,238kB / 1.04GB
1789310255.2997878,aegis-credential-broker,0.23%,94.13MiB / 3.748GiB,2.45%,11.3MB / 6.55MB,0B / 532kB
1789310255.2997878,aegis-protected-tool,0.25%,69.27MiB / 3.748GiB,1.80%,4.66MB / 3.9MB,0B / 532kB
1789310255.2997878,aegis-bench-runner,0.00%,2.426MiB / 3.748GiB,0.06%,11.6MB / 8.98MB,0B / 73.7kB
1789310259.6112845,aegis-control-plane,0.20%,67.18MiB / 3.748GiB,1.75%,4.55kB / 3.87kB,0B / 4.64MB
1789310259.6112845,aegis-enforcement-gateway,66.30%,179.5MiB / 3.748GiB,4.68%,10.9MB / 19.1MB,238kB / 1.04GB
1789310259.6112845,aegis-credential-broker,4.27%,94.11MiB / 3.748GiB,2.45%,11.4MB / 6.55MB,0B / 532kB
1789310259.6112845,aegis-protected-tool,0.75%,69.26MiB / 3.748GiB,1.80%,4.66MB / 3.9MB,0B / 532kB
1789310259.6112845,aegis-bench-runner,28.03%,23.88MiB / 3.748GiB,0.62%,11.6MB / 9MB,0B / 73.7kB
1789310263.808799,aegis-control-plane,14.71%,83.36MiB / 3.748GiB,2.17%,4.55kB / 3.87kB,0B / 4.64MB
1789310263.808799,aegis-enforcement-gateway,0.15%,179.3MiB / 3.748GiB,4.67%,10.9MB / 19.1MB,238kB / 1.04GB
1789310263.808799,aegis-credential-broker,0.16%,94.11MiB / 3.748GiB,2.45%,11.4MB / 6.55MB,0B / 532kB
1789310263.808799,aegis-protected-tool,0.13%,69.26MiB / 3.748GiB,1.80%,4.66MB / 3.9MB,0B / 532kB
1789310263.808799,aegis-bench-runner,0.00%,2.488MiB / 3.748GiB,0.06%,11.6MB / 9.01MB,0B / 73.7kB
1789310268.077689,aegis-control-plane,0.12%,67.54MiB / 3.748GiB,1.76%,4.55kB / 3.87kB,0B / 4.64MB
1789310268.077689,aegis-enforcement-gateway,75.47%,179.9MiB / 3.748GiB,4.69%,10.9MB / 19.1MB,238kB / 1.04GB
1789310268.077689,aegis-credential-broker,0.12%,93.85MiB / 3.748GiB,2.45%,11.4MB / 6.56MB,0B / 532kB
1789310268.077689,aegis-protected-tool,0.12%,69.26MiB / 3.748GiB,1.80%,4.66MB / 3.9MB,0B / 532kB
1789310268.077689,aegis-bench-runner,17.24%,22.19MiB / 3.748GiB,0.58%,11.6MB / 9.03MB,0B / 73.7kB
1789310272.2991014,aegis-control-plane,0.11%,67.66MiB / 3.748GiB,1.76%,4.55kB / 3.87kB,0B / 4.64MB
1789310272.2991014,aegis-enforcement-gateway,11.20%,184.3MiB / 3.748GiB,4.80%,11MB / 19.1MB,238kB / 1.05GB
1789310272.2991014,aegis-credential-broker,0.13%,93.85MiB / 3.748GiB,2.45%,11.4MB / 6.56MB,0B / 532kB
1789310272.2991014,aegis-protected-tool,0.13%,69.26MiB / 3.748GiB,1.80%,4.66MB / 3.9MB,0B / 532kB
1789310272.2991014,aegis-bench-runner,0.00%,2.418MiB / 3.748GiB,0.06%,11.7MB / 9.08MB,0B / 73.7kB
1789310276.53018,aegis-control-plane,11.77%,67.77MiB / 3.748GiB,1.77%,4.55kB / 3.87kB,0B / 4.64MB
1789310276.53018,aegis-enforcement-gateway,41.54%,174.4MiB / 3.748GiB,4.54%,11MB / 19.2MB,238kB / 1.05GB
1789310276.53018,aegis-credential-broker,0.13%,95.1MiB / 3.748GiB,2.48%,11.4MB / 6.56MB,0B / 532kB
1789310276.53018,aegis-protected-tool,0.12%,69.26MiB / 3.748GiB,1.80%,4.66MB / 3.9MB,0B / 532kB
1789310276.53018,aegis-bench-runner,0.00%,2.418MiB / 3.748GiB,0.06%,11.7MB / 9.08MB,0B / 73.7kB
